<window type="dialog" id="1124">
	<defaultcontrol>1</defaultcontrol>
	<controls>
		<control type="image">
			<description>Divider</description>
			<posx>45</posx>
			<posy>98</posy>
			<width>230</width>
			<height>1</height>
			<texture>divider.png</texture>
			<animation effect="fade" time="100">WindowOpen</animation>
		</control>
		<control type="image">
			<description>Button 1 Image</description>
			<posx>22</posx>
			<posy>88</posy>
			<width>290</width>
			<height>59</height>
			<texture>guide-button-focus.png</texture>
			<visible>Control.HasFocus(1)</visible>
			<animation effect="fade" start="30" time="275" reversible="false">visible</animation>
			<animation effect="fade" time="100">WindowOpen</animation>
		</control>
		<control type="radiobutton" id="1">
			<description>AMT on Media Blade</description>
			<posx>22</posx>
			<posy>88</posy>
			<width>290</width>
			<height>59</height>
			<texturefocus>-</texturefocus>
			<texturenofocus>-</texturenofocus>
			<selected>Skin.HasSetting(USE_AppleMovieTrailers)</selected>
			<onclick>Skin.ToggleSetting(USE_AppleMovieTrailers)</onclick>
			<pulseonselect>no</pulseonselect>
			<onleft>1</onleft>
			<onright>1</onright>
			<onup>3</onup>
			<ondown>2</ondown>
			<font>font14</font>
			<label>31206</label>
			<textoffsetx>30</textoffsetx>
			<textcolor>TextcolorBlack</textcolor>
			<shadowcolor>shadow-grey</shadowcolor>
			<animation effect="fade" time="100">WindowOpen</animation>
			<animation effect="slide" end="-2,0" time="275" reversible="false">focus</animation>
		</control>
		<control type="image">
			<description>Divider</description>
			<posx>45</posx>
			<posy>134</posy>
			<width>230</width>
			<height>1</height>
			<texture>divider.png</texture>
			<animation effect="fade" time="100">WindowOpen</animation>
		</control>
		<control type="image">
			<description>Button 2 Image</description>
			<posx>22</posx>
			<posy>124</posy>
			<width>290</width>
			<height>59</height>
			<texture>guide-button-focus.png</texture>
			<visible>Control.HasFocus(2)</visible>
			<animation effect="fade" start="30" time="275" reversible="false">visible</animation>
			<animation effect="fade" time="100">WindowOpen</animation>
		</control>
		<control type="radiobutton" id="2">
			<description>Accuweather in weather Button</description>
			<posx>22</posx>
			<posy>124</posy>
			<width>290</width>
			<height>59</height>
			<texturefocus>-</texturefocus>
			<texturenofocus>-</texturenofocus>
			<selected>Skin.HasSetting(USE_Accuweather)</selected>
			<onclick>Skin.ToggleSetting(USE_Accuweather)</onclick>
			<pulseonselect>no</pulseonselect>
			<onleft>2</onleft>
			<onright>2</onright>
			<onup>1</onup>
			<ondown>3</ondown>
			<font>font14</font>
			<label>31207</label>
			<textoffsetx>30</textoffsetx>
			<textcolor>TextcolorBlack</textcolor>
			<shadowcolor>shadow-grey</shadowcolor>
			<animation effect="fade" time="100">WindowOpen</animation>
			<animation effect="slide" end="-2,0" time="275" reversible="false">focus</animation>
		</control>
		<control type="image">
			<description>Divider</description>
			<posx>45</posx>
			<posy>170</posy>
			<width>230</width>
			<height>1</height>
			<texture>divider.png</texture>
			<animation effect="fade" time="100">WindowOpen</animation>
		</control>
		<control type="image">
			<description>Button 3 Image</description>
			<posx>22</posx>
			<posy>160</posy>
			<width>290</width>
			<height>59</height>
			<texture>guide-button-focus.png</texture>
			<visible>Control.HasFocus(3)</visible>
			<animation effect="fade" start="30" time="275" reversible="false">visible</animation>
			<animation effect="fade" time="100">WindowOpen</animation>
		</control>
		<control type="radiobutton" id="3">
			<description>XBMC Lyrics in Music OSD Button</description>
			<posx>22</posx>
			<posy>160</posy>
			<width>290</width>
			<height>59</height>
			<texturefocus>-</texturefocus>
			<texturenofocus>-</texturenofocus>
			<selected>Skin.HasSetting(USE_XBMC_Lyrics)</selected>
			<onclick>Skin.ToggleSetting(USE_XBMC_Lyrics)</onclick>
			<pulseonselect>no</pulseonselect>
			<onleft>3</onleft>
			<onright>3</onright>
			<onup>2</onup>
			<ondown>1</ondown>
			<font>font14</font>
			<label>31211</label>
			<textoffsetx>30</textoffsetx>
			<textcolor>TextcolorBlack</textcolor>
			<shadowcolor>shadow-grey</shadowcolor>
			<animation effect="fade" time="100">WindowOpen</animation>
			<animation effect="slide" end="-2,0" time="275" reversible="false">focus</animation>
		</control>
		<control type="image">
			<description>Divider</description>
			<posx>45</posx>
			<posy>206</posy>
			<width>230</width>
			<height>1</height>
			<texture>divider.png</texture>
			<animation effect="fade" time="100">WindowOpen</animation>
		</control>
		<control type="textbox" id="4">
			<description>dialog line</description>
			<posx>50</posx>
			<posy>270</posy>
			<width>280</width>
			<label>31209</label>
			<font>font14</font>
			<pagecontrol>-</pagecontrol>
			<textcolor>TextcolorBlack</textcolor>
			<shadowcolor>shadow-grey</shadowcolor>
			<animation effect="fade" time="100">WindowOpen</animation>
		</control>
	</controls>
</window>