<window type="dialog" id="1122">
	<defaultcontrol>2</defaultcontrol>
	<controls>
		<control type="group">
			<visible>!Window.IsVisible(PlayerControls)</visible>
			<control type="image">
				<description>Black translucent backdrop</description>
				<posx>0</posx>
				<posy>0</posy>
				<width>720</width>
				<height>576</height>
				<texture>guide-black.png</texture>
				<colordiffuse>D0FFFFFF</colordiffuse>
				<animation effect="fade" time="50">WindowOpen</animation>
				<animation effect="fade" delay="450" time="100">WindowClose</animation>
			</control>
			<control type="image">
				<description>Guide Blade Background</description>
				<posx>0</posx>
				<posy>0</posy>
				<width>417</width>
				<height>576</height>
				<texture>background-grey.png</texture>
				<visible>!Skin.String(GuidePanel)</visible>
				<animation effect="slide" time="250" start="-512,0">WindowOpen</animation>
				<animation effect="slide" time="250" delay="250" end="-512,0">WindowClose</animation>
			</control>
			<control type="image">
				<description>Custom Guide Blade Background</description>
				<posx>-132</posx>
				<posy>0</posy>
				<width>548</width>
				<height>576</height>
				<texture>-</texture>
				<info>Skin.String(GuidePanel)</info>
				<aspectratio>scale</aspectratio>
				<animation effect="slide" time="250" start="-655,0">WindowOpen</animation>
				<animation effect="slide" time="250" delay="250" end="-655,0">WindowClose</animation>
			</control>
			<control type="image">
				<description>Guide Blade Overlay</description>
				<posx>0</posx>
				<posy>0</posy>
				<width>318</width>
				<height>576</height>
				<texture>guide-blade-overlay-tile.png</texture>
				<animation effect="slide" time="250" start="-512,0">WindowOpen</animation>
				<animation effect="slide" time="250" delay="250" end="-512,0">WindowClose</animation>
			</control>
			<control type="image">
				<description>Guide Edge Overlay</description>
				<posx>318</posx>
				<posy>0</posy>
				<width>128</width>
				<height>576</height>
				<texture>guide-blade-overlay-edge-left.png</texture>
				<animation effect="slide" time="250" start="-512,0">WindowOpen</animation>
				<animation effect="slide" time="250" delay="250" end="-512,0">WindowClose</animation>
			</control>
			<control type="label">
				<description>GamerTag Label</description>
				<posx>394</posx>
				<posy>200</posy>
				<angle>270</angle>
				<include>GamerName</include>
				<textcolor>TextcolorBlack</textcolor>
				<shadowcolor>shadow-grey</shadowcolor>
				<font>font14</font>
				<animation effect="slide" time="250" start="-512,0">WindowOpen</animation>
				<animation effect="slide" time="250" delay="250" end="-512,0">WindowClose</animation>
			</control>
			<control type="image">
				<description>Back Button</description>
				<posx>315</posx>
				<posy>475</posy>
				<include>Button-Map-Texture-Width</include>
				<height>21</height>
				<texture>button-Back.png</texture>
				<animation effect="slide" time="250" start="-512,0">WindowOpen</animation>
				<animation effect="slide" time="250" delay="250" end="-512,0">WindowClose</animation>
			</control>
			<control type="image">
				<description>A Button</description>
				<posx>330</posx>
				<posy>498</posy>
				<include>Button-Map-Texture-Width</include>
				<height>21</height>
				<texture>button-A.png</texture>
				<animation effect="slide" time="250" start="-512,0">WindowOpen</animation>
				<animation effect="slide" time="250" delay="250" end="-512,0">WindowClose</animation>
			</control>
			<control type="image">
				<description>Y Button</description>
				<posx>45</posx>
				<posy>475</posy>
				<include>Button-Map-Texture-Width</include>
				<height>21</height>
				<texture>button-Y-turnedoff.png</texture>
				<animation effect="slide" time="250" start="-512,0">WindowOpen</animation>
				<animation effect="slide" time="250" delay="250" end="-512,0">WindowClose</animation>
			</control>
			<control type="image">
				<description>X Button</description>
				<posx>30</posx>
				<posy>498</posy>
				<include>Button-Map-Texture-Width</include>
				<height>21</height>
				<texture>button-X-turnedoff.png</texture>
				<animation effect="slide" time="250" start="-512,0">WindowOpen</animation>
				<animation effect="slide" time="250" delay="250" end="-512,0">WindowClose</animation>
			</control>
			<control type="label">
				<description>Back Label</description>
				<posx>309</posx>
				<posy>479</posy>
				<label>31027</label>
				<align>right</align>
				<font>font12</font>
				<shadowcolor>shadow-black</shadowcolor>
				<animation effect="slide" time="250" start="-512,0">WindowOpen</animation>
				<animation effect="slide" time="250" delay="250" end="-512,0">WindowClose</animation>
			</control>
			<control type="label">
				<description>Select Label</description>
				<posx>321</posx>
				<posy>502</posy>
				<label>31024</label>
				<align>right</align>
				<font>font12</font>
				<shadowcolor>shadow-black</shadowcolor>
				<animation effect="slide" time="250" start="-512,0">WindowOpen</animation>
				<animation effect="slide" time="250" delay="250" end="-512,0">WindowClose</animation>
			</control>
		</control>
		<!-- Gold gamertag -->
		<control type="group">
			<animation effect="slide" time="250" start="-512,0" condition="!Window.IsActive(playercontrols)">WindowOpen</animation>
			<animation effect="slide" time="250" delay="250" end="-512,0" condition="!Window.IsActive(playercontrols)">WindowClose</animation>
			<control type="group">
				<posx>40</posx>
				<posy>80</posy>
				<visible>!Window.IsActive(filebrowser)</visible>
				<animation effect="fade" time="100">WindowOpen</animation>
				<include>GamerCardButton</include>
			</control>
			<control type="image">
				<description>Divider</description>
				<posx>45</posx>
				<posy>206</posy>
				<width>230</width>
				<height>1</height>
				<texture>divider.png</texture>
				<animation effect="fade" time="100">WindowOpen</animation>
				<visible>!Window.IsActive(filebrowser)</visible>
			</control>
			<control type="image">
				<description>button 2 Highlight Image</description>
				<posx>22</posx>
				<posy>196</posy>
				<width>290</width>
				<height>59</height>
				<texture>guide-button-focus.png</texture>
				<visible>control.hasfocus(2)</visible>
				<visible>!Window.IsActive(filebrowser)</visible>
				<animation effect="fade" start="30" time="275" reversible="false">visible</animation>
			</control>
			<control type="button" id="2">
				<description>Set Xbox.com Gamecard Button</description>
				<posx>22</posx>
				<posy>196</posy>
				<width>280</width>
				<height>59</height>
				<texturefocus>-</texturefocus>
				<texturenofocus>-</texturenofocus>
				<!--			<onclick>Dialog.Close(1122)</onclick> -->
				<onclick>XBMC.RunScript(Q:\skin\MC360\extras\set_gamercard.py)</onclick>
				<pulseonselect>no</pulseonselect>
				<onleft>1</onleft>
				<onright>3</onright>
				<onup>7</onup>
				<ondown>3</ondown>
				<font>font14</font>
				<label>31082</label>
				<textoffsetx>30</textoffsetx>
				<textcolor>TextcolorBlack</textcolor>
				<shadowcolor>shadow-grey</shadowcolor>
				<animation effect="fade" time="100">WindowOpen</animation>
				<animation effect="slide" end="-2,0" time="275" reversible="false">focus</animation>
				<visible>!Window.IsActive(filebrowser)</visible>
			</control>
			<control type="image">
				<description>Divider</description>
				<posx>45</posx>
				<posy>242</posy>
				<width>230</width>
				<height>1</height>
				<texture>divider.png</texture>
				<animation effect="fade" time="100">WindowOpen</animation>
				<visible>!Window.IsActive(filebrowser)</visible>
			</control>
			<control type="image">
				<description>button 3 Highlight Image</description>
				<posx>22</posx>
				<posy>232</posy>
				<width>290</width>
				<height>59</height>
				<texture>guide-button-focus.png</texture>
				<visible>control.hasfocus(3)</visible>
				<visible>!Window.IsActive(filebrowser)</visible>
				<animation effect="fade" start="30" time="275" reversible="false">visible</animation>
			</control>
			<control type="button" id="3">
				<description>Set Gamer Tag</description>
				<posx>22</posx>
				<posy>232</posy>
				<width>280</width>
				<height>59</height>
				<texturefocus>-</texturefocus>
				<texturenofocus>-</texturenofocus>
				<onclick>Skin.SetString(GamerName)</onclick>
				<pulseonselect>no</pulseonselect>
				<onleft>2</onleft>
				<onright>4</onright>
				<onup>2</onup>
				<ondown>4</ondown>
				<font>font14</font>
				<label>31083</label>
				<textoffsetx>30</textoffsetx>
				<textcolor>TextcolorBlack</textcolor>
				<shadowcolor>shadow-grey</shadowcolor>
				<animation effect="fade" time="100">WindowOpen</animation>
				<animation effect="slide" end="-2,0" time="275" reversible="false">focus</animation>
				<visible>!Window.IsActive(filebrowser)</visible>
			</control>
			<control type="image">
				<description>Divider</description>
				<posx>45</posx>
				<posy>278</posy>
				<width>230</width>
				<height>1</height>
				<texture>divider.png</texture>
				<animation effect="fade" time="100">WindowOpen</animation>
				<visible>!Window.IsActive(filebrowser)</visible>
			</control>
			<control type="image">
				<description>button 4 Highlight Image</description>
				<posx>22</posx>
				<posy>268</posy>
				<width>290</width>
				<height>59</height>
				<texture>guide-button-focus.png</texture>
				<visible>control.hasfocus(4)</visible>
				<visible>!Window.IsActive(filebrowser)</visible>
				<animation effect="fade" start="30" time="275" reversible="false">visible</animation>
			</control>
			<control type="button" id="4">
				<description>Set Gamer Picture Button</description>
				<posx>22</posx>
				<posy>268</posy>
				<width>280</width>
				<height>59</height>
				<texturefocus>-</texturefocus>
				<texturenofocus>-</texturenofocus>
				<onclick>Skin.SetImage(GamerIcon)</onclick>
				<pulseonselect>no</pulseonselect>
				<onleft>3</onleft>
				<onright>5</onright>
				<onup>3</onup>
				<ondown>9000</ondown>
				<font>font14</font>
				<label>31084</label>
				<textoffsetx>30</textoffsetx>
				<textcolor>TextcolorBlack</textcolor>
				<shadowcolor>shadow-grey</shadowcolor>
				<animation effect="fade" time="100">WindowOpen</animation>
				<animation effect="slide" end="-2,0" time="275" reversible="false">focus</animation>
				<visible>!Window.IsActive(filebrowser)</visible>
			</control>
			<control type="image">
				<description>Divider</description>
				<posx>45</posx>
				<posy>314</posy>
				<width>230</width>
				<height>1</height>
				<texture>divider.png</texture>
				<animation effect="fade" time="100">WindowOpen</animation>
				<visible>!Window.IsActive(filebrowser)</visible>
			</control>
			<control type="image">
				<texture>-</texture>
				<info>Skin.String(GamerRep)</info>
				<description>GamerCard Reputation</description>
				<posx>70</posx>
				<posy>315</posy>
				<width>160</width>
				<height>40</height>
				<pulseonselect>no</pulseonselect>
				<animation effect="fade" time="100">WindowOpen</animation>
				<visible>!Window.IsActive(filebrowser)</visible>
			</control>
			<control type="group" id="9000">
				<control type="button" id="5">
					<texturefocus>gamercard_rep_0.png</texturefocus>
					<onleft>29</onleft>
					<onright>10</onright>
					<include>GamerRepImage</include>
					<onfocus>Skin.SetString(GamerRep,gamercard_rep_0.png)</onfocus>
				</control>
				<control type="button" id="10">
					<texturefocus>gamercard_rep_1.png</texturefocus>
					<onleft>5</onleft>
					<onright>11</onright>
					<include>GamerRepImage</include>
					<onfocus>Skin.SetString(GamerRep,gamercard_rep_1.png)</onfocus>
				</control>
				<control type="button" id="11">
					<texturefocus>gamercard_rep_2.png</texturefocus>
					<onleft>10</onleft>
					<onright>12</onright>
					<include>GamerRepImage</include>
					<onfocus>Skin.SetString(GamerRep,gamercard_rep_2.png)</onfocus>
				</control>
				<control type="button" id="12">
					<texturefocus>gamercard_rep_3.png</texturefocus>
					<onleft>11</onleft>
					<onright>13</onright>
					<include>GamerRepImage</include>
					<onfocus>Skin.SetString(GamerRep,gamercard_rep_3.png)</onfocus>
				</control>
				<control type="button" id="13">
					<texturefocus>gamercard_rep_4.png</texturefocus>
					<onleft>12</onleft>
					<onright>14</onright>
					<onfocus>Skin.SetString(GamerRep,gamercard_rep_4.png)</onfocus>
					<include>GamerRepImage</include>
				</control>
				<control type="button" id="14">
					<texturefocus>gamercard_rep_5.png</texturefocus>
					<onleft>13</onleft>
					<onright>15</onright>
					<onfocus>Skin.SetString(GamerRep,gamercard_rep_5.png)</onfocus>
					<include>GamerRepImage</include>
				</control>
				<control type="button" id="15">
					<texturefocus>gamercard_rep_6.png</texturefocus>
					<onleft>14</onleft>
					<onright>16</onright>
					<onfocus>Skin.SetString(GamerRep,gamercard_rep_6.png)</onfocus>
					<include>GamerRepImage</include>
				</control>
				<control type="button" id="16">
					<texturefocus>gamercard_rep_7.png</texturefocus>
					<onleft>15</onleft>
					<onright>17</onright>
					<onfocus>Skin.SetString(GamerRep,gamercard_rep_7.png)</onfocus>
					<include>GamerRepImage</include>
				</control>
				<control type="button" id="17">
					<texturefocus>gamercard_rep_8.png</texturefocus>
					<onleft>16</onleft>
					<onright>18</onright>
					<onfocus>Skin.SetString(GamerRep,gamercard_rep_8.png)</onfocus>
					<include>GamerRepImage</include>
				</control>
				<control type="button" id="18">
					<texturefocus>gamercard_rep_9.png</texturefocus>
					<onleft>17</onleft>
					<onright>19</onright>
					<onfocus>Skin.SetString(GamerRep,gamercard_rep_9.png)</onfocus>
					<include>GamerRepImage</include>
				</control>
				<control type="button" id="19">
					<texturefocus>gamercard_rep_10.png</texturefocus>
					<onleft>18</onleft>
					<onright>20</onright>
					<onfocus>Skin.SetString(GamerRep,gamercard_rep_10.png)</onfocus>
					<include>GamerRepImage</include>
				</control>
				<control type="button" id="20">
					<texturefocus>gamercard_rep_11.png</texturefocus>
					<onleft>19</onleft>
					<onright>21</onright>
					<onfocus>Skin.SetString(GamerRep,gamercard_rep_11.png)</onfocus>
					<include>GamerRepImage</include>
				</control>
				<control type="button" id="21">
					<texturefocus>gamercard_rep_12.png</texturefocus>
					<onleft>20</onleft>
					<onright>22</onright>
					<onfocus>Skin.SetString(GamerRep,gamercard_rep_12.png)</onfocus>
					<include>GamerRepImage</include>
				</control>
				<control type="button" id="22">
					<texturefocus>gamercard_rep_13.png</texturefocus>
					<onleft>21</onleft>
					<onright>23</onright>
					<onfocus>Skin.SetString(GamerRep,gamercard_rep_13.png)</onfocus>
					<include>GamerRepImage</include>
				</control>
				<control type="button" id="23">
					<texturefocus>gamercard_rep_14.png</texturefocus>
					<onleft>22</onleft>
					<onright>24</onright>
					<onfocus>Skin.SetString(GamerRep,gamercard_rep_14.png)</onfocus>
					<include>GamerRepImage</include>
				</control>
				<control type="button" id="24">
					<texturefocus>gamercard_rep_15.png</texturefocus>
					<onleft>23</onleft>
					<onright>25</onright>
					<onfocus>Skin.SetString(GamerRep,gamercard_rep_15.png)</onfocus>
					<include>GamerRepImage</include>
				</control>
				<control type="button" id="25">
					<texturefocus>gamercard_rep_16.png</texturefocus>
					<onleft>24</onleft>
					<onright>26</onright>
					<onfocus>Skin.SetString(GamerRep,gamercard_rep_16.png)</onfocus>
					<include>GamerRepImage</include>
				</control>
				<control type="button" id="26">
					<texturefocus>gamercard_rep_17.png</texturefocus>
					<onleft>25</onleft>
					<onright>27</onright>
					<onfocus>Skin.SetString(GamerRep,gamercard_rep_17.png)</onfocus>
					<include>GamerRepImage</include>
				</control>
				<control type="button" id="27">
					<texturefocus>gamercard_rep_18.png</texturefocus>
					<onleft>26</onleft>
					<onright>28</onright>
					<onfocus>Skin.SetString(GamerRep,gamercard_rep_18.png)</onfocus>
					<include>GamerRepImage</include>
				</control>
				<control type="button" id="28">
					<texturefocus>gamercard_rep_19.png</texturefocus>
					<onleft>27</onleft>
					<onright>29</onright>
					<onfocus>Skin.SetString(GamerRep,gamercard_rep_19.png)</onfocus>
					<include>GamerRepImage</include>
				</control>
				<control type="button" id="29">
					<texturefocus>gamercard_rep_20.png</texturefocus>
					<onleft>28</onleft>
					<onright>5</onright>
					<onfocus>Skin.SetString(GamerRep,gamercard_rep_20.png)</onfocus>
					<include>GamerRepImage</include>
				</control>
			</control>
			<control type="image">
				<description>Divider</description>
				<posx>45</posx>
				<posy>350</posy>
				<width>230</width>
				<height>1</height>
				<texture>divider.png</texture>
				<animation effect="fade" time="100">WindowOpen</animation>
				<visible>!Window.IsActive(filebrowser)</visible>
			</control>
			<control type="image">
				<description>button 6 Highlight Image</description>
				<posx>22</posx>
				<posy>340</posy>
				<width>290</width>
				<height>59</height>
				<texture>guide-button-focus.png</texture>
				<visible>control.hasfocus(6)</visible>
				<visible>!Window.IsActive(filebrowser)</visible>
				<animation effect="fade" start="30" time="275" reversible="false">visible</animation>
			</control>
			<control type="button" id="6">
				<description>Set Gamer Score Button</description>
				<posx>22</posx>
				<posy>340</posy>
				<width>280</width>
				<height>59</height>
				<texturefocus>-</texturefocus>
				<texturenofocus>-</texturenofocus>
				<onclick>Skin.SetNumeric(GamerScore)</onclick>
				<pulseonselect>no</pulseonselect>
				<onleft>5</onleft>
				<onright>7</onright>
				<onup>9000</onup>
				<ondown>7</ondown>
				<font>font14</font>
				<label>31085</label>
				<textoffsetx>30</textoffsetx>
				<textcolor>TextcolorBlack</textcolor>
				<shadowcolor>shadow-grey</shadowcolor>
				<animation effect="fade" time="100">WindowOpen</animation>
				<animation effect="slide" end="-2,0" time="275" reversible="false">focus</animation>
				<visible>!Window.IsActive(filebrowser)</visible>
			</control>
			<control type="image">
				<description>Divider</description>
				<posx>45</posx>
				<posy>386</posy>
				<width>230</width>
				<height>1</height>
				<texture>divider.png</texture>
				<animation effect="fade" time="100">WindowOpen</animation>
				<visible>!Window.IsActive(filebrowser)</visible>
			</control>
			<control type="image">
				<description>button 7 Highlight Image</description>
				<posx>22</posx>
				<posy>376</posy>
				<width>290</width>
				<height>59</height>
				<texture>guide-button-focus.png</texture>
				<visible>control.hasfocus(7)</visible>
				<visible>!Window.IsActive(filebrowser)</visible>
				<animation effect="fade" start="30" time="275" reversible="false">visible</animation>
			</control>
			<control type="button" id="7">
				<description>Set Gamer Zone Button</description>
				<posx>22</posx>
				<posy>376</posy>
				<width>280</width>
				<height>59</height>
				<texturefocus>guide-button-focus.png</texturefocus>
				<texturenofocus>-</texturenofocus>
				<onclick>Skin.SetString(GamerZone)</onclick>
				<pulseonselect>no</pulseonselect>
				<onleft>6</onleft>
				<onright>1</onright>
				<onup>6</onup>
				<ondown>2</ondown>
				<font>font14</font>
				<label>31086</label>
				<textoffsetx>30</textoffsetx>
				<textcolor>TextcolorBlack</textcolor>
				<shadowcolor>shadow-grey</shadowcolor>
				<animation effect="fade" time="100">WindowOpen</animation>
				<animation effect="slide" end="-2,0" time="275" reversible="false">focus</animation>
				<visible>!Window.IsActive(filebrowser)</visible>
			</control>
			<control type="image">
				<description>Divider</description>
				<posx>45</posx>
				<posy>422</posy>
				<width>230</width>
				<height>1</height>
				<texture>divider.png</texture>
				<animation effect="fade" time="100">WindowOpen</animation>
				<visible>!Window.IsActive(filebrowser)</visible>
			</control>
			<control type="image">
				<description>Left Arrow</description>
				<posx>47</posx>
				<posy>317</posy>
				<width>16</width>
				<height>32</height>
				<texture>selectarrow-left.png</texture>
				<animation effect="fade" time="100">WindowOpen</animation>
				<visible>!Window.IsActive(filebrowser)</visible>
			</control>
			<control type="image">
				<description>Right Arrow</description>
				<posx>262</posx>
				<posy>317</posy>
				<width>16</width>
				<height>32</height>
				<texture>selectarrow-right.png</texture>
				<animation effect="fade" time="100">WindowOpen</animation>
				<visible>!Window.IsActive(filebrowser)</visible>
			</control>
		</control>
	</controls>
</window>