<!-- This file contains the mapping of actions to sounds                    -->

<!-- The <actions> section contains global mapping                          -->

<!-- To map a action to a sound, add a block like this to <actions>:        -->
<!--    <action>                                                            -->
<!--      <name>left</name>                                                 -->
<!--      <file>cursor_Temp.wav</file>                                           -->
<!--    </action>                                                           -->
<!-- Where <name> specifies the action to map a sound to and <file> the wav -->
<!-- file to play when the action occurs.                                   -->

<!-- Valid entries for <name> can be found at                               -->
<!-- http://manual.xboxmediacenter.de/wakka.php?wakka=KeyMappingXML&v=6gu   -->


<!-- Also window specific sound can be played                               -->

<!-- To map a sound to a window, add a block like this to <windows>:        -->
<!--    <window>                                                            -->
<!--      <name>infodialog</name>                                           -->
<!--      <activate>notify_Temp.wav</activate>                                   -->
<!--      <deactivate>out_Temp.wav</deactivate>                                  -->
<!--    </window>                                                           -->
<!-- Where <name> specifies the window to map a sound to                    -->
<!-- <activate> and <deactivate> are the events a sound can be mapped to    -->
<!-- by setting the file to play.                                           -->

<!-- Valid entries for <name> can be found at                               -->
<!-- http://manual.xboxmediacenter.de/wakka.php?wakka=WindowList&v=13k6     -->

<!-- Note: Only wav files are supported                                     -->

<!-- MC360 Sounds 1.00 - Team Blackbolt  -->

<sounds>
  <actions>
    <action>
      <name>left</name>
      <file>cursor.wav</file>
    </action>
    <action>
      <name>right</name>
      <file>cursor.wav</file>
    </action>
    <action>
      <name>up</name>
      <file>cursor.wav</file>
    </action>
    <action>
      <name>down</name>
      <file>cursor.wav</file>
    </action>
    <action>
      <name>select</name>
      <file>select.wav</file>
    </action>
    <action>
      <name>parentdir</name>
      <file>back.wav</file>
    </action>
    <action>
      <name>previousmenu</name>
      <file>exit.wav</file>
    </action>
    <action>
      <name>screenshot</name>
      <file>screenshot.wav</file>
    </action>
  </actions>
  
  <windows>
<!-- Notifications and sound -->
    <window>
      <name>infodialog</name>
      <activate>notification.wav</activate>
    </window>
<!-- End Notifications and sound -->

<!-- Exit Fullscreen -->
    <window>
      <name>1200</name>
      <activate>fullscreen_exit.wav</activate>
    </window>
<!-- End Exit Fullscreen -->

<!-- Guide sounds -->
    <window>
      <name>shutdownmenu</name>
      <activate>guide_open.wav</activate>
      <deactivate>guide_close.wav</deactivate>
    </window>

    <window>
      <name>yesnodialog</name>
      <activate>guide_open.wav</activate>
      <deactivate>guide_close.wav</deactivate>
    </window>

    <window>
      <name>virtualkeyboard</name>
      <activate>guide_open.wav</activate>
      <deactivate>guide_close.wav</deactivate>
    </window>

    <window>
      <name>numericinput</name>
      <activate>guide_open.wav</activate>
      <deactivate>guide_close.wav</deactivate>
    </window>

    <window>
      <name>PlayerControls</name>
      <activate>guide_open.wav</activate>
      <deactivate>guide_close.wav</deactivate>
    </window>

    <window>
      <name>DialogButtonMenu</name>
      <activate>guide_open.wav</activate>
      <deactivate>guide_close.wav</deactivate>
    </window>
<!-- End Guide sounds -->


<!-- Sliding Blades -->
    <window>
      <name>1114</name>
      <activate>bladeslide_1.wav</activate>
    </window>

    <window>
      <name>1112</name>
      <activate>bladeslide_2.wav</activate>
    </window>

    <window>
      <name>0</name>
      <activate>bladeslide_3.wav</activate>
    </window>

    <window>
      <name>4</name>
      <activate>bladeslide_4.wav</activate>
    </window>
<!-- End Sliding Blades -->

<!-- Xlink Kai Blade -->
		<window>
      <name>2700</name>
      <activate>tier2_enter.wav</activate>
      <deactivate>tier2_exit.wav</deactivate>
    </window>
<!-- End Xlink Kai Blade -->

<!-- XBMC Live Blade -->
		<window>
      <name>1114</name>
      <activate>tier2_enter.wav</activate>
      <deactivate>tier2_exit.wav</deactivate>
    </window>
<!-- End XBMC Live Blade -->

<!-- Media Blade -->
    <window>
      <name>6</name>
      <activate>tier2_enter.wav</activate>
      <deactivate>tier2_exit.wav</deactivate>
    </window>
    <window>
      <name>502</name>
      <activate>tier2_enter.wav</activate>
      <deactivate>tier2_exit.wav</deactivate>
    </window>
    <window>
      <name>2</name>
      <activate>tier2_enter.wav</activate>
      <deactivate>tier2_exit.wav</deactivate>
    </window>
    <window>
      <name>1118</name>
      <activate>tier2_enter.wav</activate>
      <deactivate>tier2_exit.wav</deactivate>
    </window>
<!-- End Media Blade -->

<!-- Games Blade -->
    <window>
      <name>1</name>
      <activate>tier2_enter.wav</activate>
      <deactivate>tier2_exit.wav</deactivate>
    </window>
    <window>
      <name>1119</name>
      <activate>tier2_enter.wav</activate>
      <deactivate>tier2_exit.wav</deactivate>
    </window>
<!-- End Games Blade -->

<!-- System Blade -->
    <window>
      <name>mypicturessettings</name>
      <activate>tier3_enter.wav</activate>
      <deactivate>tier3_exit.wav</deactivate>
    </window>
    <window>
      <name>myprogramssettings</name>
      <activate>tier3_enter.wav</activate>
      <deactivate>tier3_exit.wav</deactivate>
    </window>
    <window>
      <name>myweathersettings</name>
      <activate>tier3_enter.wav</activate>
      <deactivate>tier3_exit.wav</deactivate>
    </window>
    <window>
      <name>mymusicsettings</name>
      <activate>tier3_enter.wav</activate>
      <deactivate>tier3_exit.wav</deactivate>
    </window>
    <window>
      <name>systemsettings</name>
      <activate>tier3_enter.wav</activate>
      <deactivate>tier3_exit.wav</deactivate>
    </window>
    <window>
      <name>myvideossettings</name>
      <activate>tier3_enter.wav</activate>
      <deactivate>tier3_exit.wav</deactivate>
    </window>
    <window>
      <name>networksettings</name>
      <activate>tier3_enter.wav</activate>
      <deactivate>tier3_exit.wav</deactivate>
    </window>
    <window>
      <name>appearancesettings</name>
      <activate>tier3_enter.wav</activate>
      <deactivate>tier3_exit.wav</deactivate>
    </window>
    <window>
      <name>7</name>
      <activate>tier3_enter.wav</activate>
      <deactivate>tier3_exit.wav</deactivate>
    </window>
<!-- End System Blade -->

<!-- Additional Windows -->

		<window>
			<name>24</name>
			<activate>tier2_enter.wav</activate>
			<deactivate>tier2_exit.wav</deactivate>
		</window>
		<window>
			<name>25</name>
			<activate>tier2_enter.wav</activate>
			<deactivate>tier2_exit.wav</deactivate>
		</window>
		<window>
			<name>501</name>
			<activate>tier2_enter.wav</activate>
			<deactivate>tier2_exit.wav</deactivate>
		</window>
<!-- End Additional Windows -->

<!-- Credits -->
    <window>
      <name>1199</name>
      <activate>credits.wav</activate>
      <deactivate>fullscreen_exit.wav</deactivate>
    </window>
<!-- End Credits -->

<!-- Startup Sound -->
    <window>
      <name>startup</name>
      <activate>mc360_startup.wav</activate>
    </window>
<!-- Startup Sound -->

  </windows>
</sounds>
