<window id="103">
	<defaultcontrol always="true">65</defaultcontrol>
	<controls>
		<control type="image">
			<posx>0</posx>
			<posy>0</posy>
			<width>720</width>
			<height>576</height>
			<texture>guide-black.png</texture>
			<colordiffuse>DDFFFFFF</colordiffuse>
			<animation effect="fade" time="50">WindowOpen</animation>
			<animation effect="fade" delay="500" time="150">WindowClose</animation>
			<visible>![Window.IsActive(129) | Window.IsActive(114)| Window.IsActive(128)]</visible>
		</control>
		<control type="image">
			<description>Guide Blade Background</description>
			<posx>0</posx>
			<posy>0</posy>
			<width>521</width>
			<height>576</height>
			<visible>!Skin.String(GuidePanel)</visible>
			<texture>background-grey.png</texture>
			<visible>![Window.IsActive(129) | Window.IsActive(114)| Window.IsActive(128)]</visible>
			<animation effect="fade" delay="325">Visible</animation>
			<animation effect="fade" delay="175">Hidden</animation>
			<animation effect="slide" time="300" start="-655,0">WindowOpen</animation>
			<animation effect="slide" delay="200" time="300" end="-655,0">WindowClose</animation>
		</control>
		<control type="image">
			<description>Custom Guide Blade Background</description>
			<posx>-27</posx>
			<posy>0</posy>
			<width>548</width>
			<height>576</height>
			<texture>-</texture>
			<info>Skin.String(GuidePanel)</info>
			<aspectratio>scale</aspectratio>
			<visible>![Window.IsActive(129) | Window.IsActive(114)| Window.IsActive(128)]</visible>
			<animation effect="fade" delay="325">Visible</animation>
			<animation effect="fade" delay="175">Hidden</animation>
			<animation effect="slide" time="300" start="-655,0">WindowOpen</animation>
			<animation effect="slide" delay="200" time="300" end="-655,0">WindowClose</animation>
		</control>
		<control type="image">
			<description>Guide Blade Overlay</description>
			<posx>0</posx>
			<posy>0</posy>
			<width>450</width>
			<height>576</height>
			<texture>guide-blade-overlay-tile.png</texture>
			<visible>![Window.IsActive(129) | Window.IsActive(114)| Window.IsActive(128)]</visible>
			<animation effect="fade" delay="325">Visible</animation>
			<animation effect="fade" delay="175">Hidden</animation>
			<animation effect="slide" time="300" start="-655,0">WindowOpen</animation>
			<animation effect="slide" delay="200" time="300" end="-655,0">WindowClose</animation>
		</control>
		<control type="image">
			<description>Guide Edge Overlay</description>
			<posx>450</posx>
			<posy>0</posy>
			<width>100</width>
			<height>576</height>
			<texture>guide-blade-overlay-edge-left.png</texture>
			<visible>![Window.IsActive(129) | Window.IsActive(114)| Window.IsActive(128)]</visible>
			<animation effect="fade" delay="325">Visible</animation>
			<animation effect="fade" delay="175">Hidden</animation>
			<animation effect="slide" time="300" start="-655,0">WindowOpen</animation>
			<animation effect="slide" delay="200" time="300" end="-655,0">WindowClose</animation>
		</control>
		<!-- This set is used for PlayerControls to VirtualKeyboard animation transitions -->
		<control type="image">
			<description>Guide Blade Background</description>
			<posx>-132</posx>
			<posy>0</posy>
			<width>521</width>
			<height>576</height>
			<visible>!Skin.String(GuidePanel)</visible>
			<texture>background-grey.png</texture>
			<visible>Window.IsActive(114) | Window.IsActive(128) | Window.IsActive(1122)</visible>
			<animation effect="slide" time="250" end="132,0">WindowOpen</animation>
			<animation effect="slide" time="250" delay="250" start="132,0">WindowClose</animation>
		</control>
		<control type="image">
			<description>Custom Guide Blade Background</description>
			<posx>-159</posx>
			<posy>0</posy>
			<width>548</width>
			<height>576</height>
			<texture>-</texture>
			<info>Skin.String(GuidePanel)</info>
			<aspectratio>scale</aspectratio>
			<visible>Window.IsActive(114) | Window.IsActive(128) | Window.IsActive(1122)</visible>
			<animation effect="slide" time="250" end="132,0">WindowOpen</animation>
			<animation effect="slide" time="250" delay="250" start="132,0">WindowClose</animation>
		</control>
		<control type="image">
			<description>Guide Blade Overlay</description>
			<posx>-131</posx>
			<posy>0</posy>
			<width>449</width>
			<height>576</height>
			<texture>guide-blade-overlay-tile.png</texture>
			<visible>Window.IsActive(114) | Window.IsActive(128) | Window.IsActive(1122)</visible>
			<animation effect="slide" time="250" end="132,0">WindowOpen</animation>
			<animation effect="slide" time="250" delay="250" start="132,0">WindowClose</animation>
		</control>
		<control type="image">
			<description>Guide Edge Overlay</description>
			<posx>318</posx>
			<posy>0</posy>
			<width>100</width>
			<height>576</height>
			<texture>guide-blade-overlay-edge-left.png</texture>
			<visible>Window.IsActive(114) | Window.IsActive(128) | Window.IsActive(1122)</visible>
			<animation effect="slide" time="250" end="132,0">WindowOpen</animation>
			<animation effect="slide" time="250" delay="250" start="132,0">WindowClose</animation>
		</control>
		<control type="label">
			<description>GamerTag Label</description>
			<posx>376</posx>
			<posy>200</posy>
			<angle>270</angle>
			<label>time</label>
			<include>GamerName</include>
			<textcolor>TextcolorBlack</textcolor>
			<shadowcolor>shadow-grey</shadowcolor>
			<font>font14</font>
			<animation effect="slide" time="250" end="132,0">WindowOpen</animation>
			<animation effect="slide" time="250" delay="250" start="132,0">WindowClose</animation>
			<visible>Window.IsActive(114) | Window.IsActive(128) | Window.IsActive(1122)</visible>
		</control>
		<!-- This set is used for MediaSource to VirtualKeyboard animation transitions -->
		<control type="image">
			<description>Guide Blade Background</description>
			<posx>-60</posx>
			<posy>0</posy>
			<width>521</width>
			<height>576</height>
			<visible>!Skin.String(GuidePanel)</visible>
			<texture>background-grey.png</texture>
			<visible>Window.IsActive(129) + !Window.IsActive(128)</visible>
			<animation effect="slide" time="250" end="60,0">WindowOpen</animation>
			<animation effect="slide" time="250" delay="250" start="60,0">WindowClose</animation>
		</control>
		<control type="image">
			<description>Custom Guide Blade Background</description>
			<posx>-87</posx>
			<posy>0</posy>
			<width>548</width>
			<height>576</height>
			<texture>-</texture>
			<info>Skin.String(GuidePanel)</info>
			<aspectratio>scale</aspectratio>
			<visible>Window.IsActive(129) + !Window.IsActive(128)</visible>
			<animation effect="slide" time="250" end="60,0">WindowOpen</animation>
			<animation effect="slide" time="250" delay="250" start="60,0">WindowClose</animation>
		</control>
		<control type="image">
			<description>Guide Blade Overlay</description>
			<posx>-59</posx>
			<posy>0</posy>
			<width>449</width>
			<height>576</height>
			<texture>guide-blade-overlay-tile.png</texture>
			<visible>Window.IsActive(129) + !Window.IsActive(128)</visible>
			<animation effect="slide" time="250" end="60,0">WindowOpen</animation>
			<animation effect="slide" time="250" delay="250" start="60,0">WindowClose</animation>
		</control>
		<control type="image">
			<description>Guide Edge Overlay</description>
			<posx>390</posx>
			<posy>0</posy>
			<width>100</width>
			<height>576</height>
			<texture>guide-blade-overlay-edge-left.png</texture>
			<visible>Window.IsActive(129) + !Window.IsActive(128)</visible>
			<animation effect="slide" time="250" end="60,0">WindowOpen</animation>
			<animation effect="slide" time="250" delay="250" start="60,0">WindowClose</animation>
		</control>
		<control type="label">
			<description>GamerTag Label</description>
			<posx>448</posx>
			<posy>200</posy>
			<angle>270</angle>
			<label>time</label>
			<include>GamerName</include>
			<textcolor>TextcolorBlack</textcolor>
			<font>font14</font>
			<animation effect="slide" time="250" end="60,0">WindowOpen</animation>
			<animation effect="slide" time="250" delay="250" start="60,0">WindowClose</animation>
			<visible>Window.IsActive(129) + !Window.IsActive(128)</visible>
		</control>
		<control type="fadelabel" id="311">
			<description>dialog Heading</description>
			<width>390</width>
			<posx>31</posx>
			<posy>45</posy>
			<font>font14</font>
			<align>left</align>
			<visible>Window.IsActive(129) | Window.IsActive(1122)</visible>
			<animation effect="fade" time="100">Hidden</animation>
			<animation effect="fade" delay="450" time="200">Visible</animation>
			<animation effect="fade" delay="450" time="200">WindowOpen</animation>
			<animation effect="fade" time="150">WindowClose</animation>
		</control>
		<control type="label">
			<description>Time label</description>
			<posx>470</posx>
			<posy>50</posy>
			<label>time</label>
			<info>System.Time</info>
			<align>right</align>
			<textcolor>TextcolorWhite</textcolor>
			<font>font12</font>
			<visible>Window.IsActive(129) | Window.IsActive(1122)</visible>
			<animation effect="fade" time="100">Hidden</animation>
			<animation effect="fade" delay="450" time="200">Visible</animation>
			<animation effect="fade" delay="450" time="200">WindowOpen</animation>
			<animation effect="fade" time="150">WindowClose</animation>
		</control>
		<control type="image">
			<description>TextBox Overlay</description>
			<posx>40</posx>
			<posy>141</posy>
			<width>430</width>
			<height>36</height>
			<texture>guide-blade-overlay-textboxbig.png</texture>
			<!-- 			<visible>!Window.IsActive(114)</visible> -->
			<animation effect="fade" time="100">Hidden</animation>
			<animation effect="fade" delay="450" time="200">Visible</animation>
			<animation effect="fade" time="200" delay="300">WindowOpen</animation>
			<animation effect="fade" time="200">WindowClose</animation>
		</control>
		<control type="label">
			<description>GamerTag Label</description>
			<posx>508</posx>
			<posy>200</posy>
			<angle>270</angle>
			<label>time</label>
			<include>GamerName</include>
			<textcolor>TextcolorBlack</textcolor>
			<shadowcolor>shadow-grey</shadowcolor>
			<font>font14</font>
			<animation effect="slide" time="300" start="-655,0">WindowOpen</animation>
			<animation effect="slide" delay="200" time="300" end="-655,0">WindowClose</animation>
			<visible>!Window.IsActive(129) + !Window.IsActive(1122)</visible>
		</control>
		<control type="fadelabel" id="311">
			<description>dialog Heading</description>
			<width>390</width>
			<posx>31</posx>
			<posy>45</posy>
			<font>font14</font>
			<align>left</align>
			<visible>!Window.IsActive(129) + !Window.IsActive(1122) </visible>
			<animation effect="fade" time="100">Hidden</animation>
			<animation effect="fade" delay="450" time="200">Visible</animation>
			<animation effect="slide" time="300" start="-655,0">WindowOpen</animation>
			<animation effect="slide" delay="200" time="300" end="-655,0">WindowClose</animation>
		</control>
		<control type="label">
			<description>Time label</description>
			<posx>470</posx>
			<posy>50</posy>
			<label>time</label>
			<info>System.Time</info>
			<align>right</align>
			<textcolor>TextcolorWhite</textcolor>
			<font>font12</font>
			<visible>!Window.IsActive(129) + !Window.IsActive(1122) </visible>
			<animation effect="fade" time="100">Hidden</animation>
			<animation effect="fade" delay="450" time="200">Visible</animation>
			<animation effect="slide" time="300" start="-655,0">WindowOpen</animation>
			<animation effect="slide" delay="200" time="300" end="-655,0">WindowClose</animation>
		</control>
		<control type="label" id="310">
			<description>Edit Text</description>
			<posx>45</posx>
			<posy>140</posy>
			<width>420</width>
			<height>36</height>
			<font>special13</font>
			<textcolor>TextcolorBlack</textcolor>
			<align>left</align>
			<aligny>center</aligny>
			<!-- 			<visible>!Window.IsVisible(114)</visible> -->
			<animation effect="fade" time="100">Hidden</animation>
			<animation effect="fade" delay="450" time="200">Visible</animation>
			<animation effect="fade" time="200" delay="300">WindowOpen</animation>
			<animation effect="fade" time="200">WindowClose</animation>
		</control>
		<control type="button" id="305">
			<description>previous button</description>
			<posx>34</posx>
			<posy>185</posy>
			<width>60</width>
			<height>60</height>
			<label>31029</label>
			<onleft>306</onleft>
			<onright>65</onright>
			<onup>303</onup>
			<ondown>304</ondown>
			<align>center</align>
			<aligny>top</aligny>
			<font>font10</font>
			<textoffsety>37</textoffsety>
			<textcolor>TextcolorBlack</textcolor>
			<texturenofocus>keyboard-btn-prev.png</texturenofocus>
			<texturefocus>keyboard-btn-prev-focus.png</texturefocus>
			<pulseonselect>no</pulseonselect>
			<!-- 			<visible>!Window.IsVisible(114)</visible> -->
			<animation effect="fade" time="100">Hidden</animation>
			<animation effect="fade" delay="450" time="200">Visible</animation>
			<animation effect="fade" time="200" delay="300">WindowOpen</animation>
			<animation effect="fade" time="200">WindowClose</animation>
		</control>
		<control type="button" id="307">
			<description>Insert IP button</description>
			<posx>99</posx>
			<posy>185</posy>
			<width>310</width>
			<height>30</height>
			<label>1006</label>
			<onleft>305</onleft>
			<onright>306</onright>
			<onup>32</onup>
			<ondown>65</ondown>
			<font>font10</font>
			<textcolor>TextcolorBlack</textcolor>
			<texturenofocus border="5">keyboard-btn-space.png</texturenofocus>
			<texturefocus border="5">keyboard-btn-space-focus.png</texturefocus>
			<align>center</align>
			<aligny>center</aligny>
			<pulseonselect>no</pulseonselect>
			<!-- 			<visible>!Window.IsVisible(114)</visible> -->
			<animation effect="fade" time="100">Hidden</animation>
			<animation effect="fade" delay="450" time="200">Visible</animation>
			<animation effect="fade" time="200" delay="300">WindowOpen</animation>
			<animation effect="fade" time="200">WindowClose</animation>
		</control>
		<control type="button" id="306">
			<description>next button</description>
			<posx>414</posx>
			<posy>185</posy>
			<width>60</width>
			<height>60</height>
			<label>31029</label>
			<onleft>51</onleft>
			<onright>305</onright>
			<onup>300</onup>
			<ondown>302</ondown>
			<align>center</align>
			<aligny>top</aligny>
			<font>font10</font>
			<textoffsety>37</textoffsety>
			<textcolor>TextcolorBlack</textcolor>
			<texturenofocus>keyboard-btn-next.png</texturenofocus>
			<texturefocus>keyboard-btn-next-focus.png</texturefocus>
			<pulseonselect>no</pulseonselect>
			<!-- 			<visible>!Window.IsVisible(114)</visible> -->
			<animation effect="fade" time="100">Hidden</animation>
			<animation effect="fade" delay="450" time="200">Visible</animation>
			<animation effect="fade" time="200" delay="300">WindowOpen</animation>
			<animation effect="fade" time="200">WindowClose</animation>
		</control>
		<control type="togglebutton" id="304">
			<description>Symbols button</description>
			<posx>34</posx>
			<posy>250</posy>
			<width>60</width>
			<height>60</height>
			<label>31030</label>
			<onleft>302</onleft>
			<onright>72</onright>
			<onup>305</onup>
			<ondown>303</ondown>
			<alttexturenofocus>keyboard-btn-symbols.png</alttexturenofocus>
			<alttexturefocus>keyboard-btn-symbols-focus.png</alttexturefocus>
			<texturenofocus>keyboard-btn-symbols.png</texturenofocus>
			<texturefocus>keyboard-btn-symbols-focus.png</texturefocus>
			<align>center</align>
			<aligny>top</aligny>
			<font>font10</font>
			<textoffsety>32</textoffsety>
			<textcolor>TextcolorBlack</textcolor>
			<pulseonselect>no</pulseonselect>
			<!-- 			<visible>!Window.IsVisible(114)</visible> -->
			<animation effect="fade" time="100">Hidden</animation>
			<animation effect="fade" delay="450" time="200">Visible</animation>
			<animation effect="fade" time="200" delay="300">WindowOpen</animation>
			<animation effect="fade" time="200">WindowClose</animation>
		</control>
		<control type="togglebutton" id="302">
			<description>SHIFT button</description>
			<posx>414</posx>
			<posy>247</posy>
			<width>60</width>
			<height>60</height>
			<label>31031</label>
			<onleft>54</onleft>
			<onright>304</onright>
			<onup>306</onup>
			<ondown>300</ondown>
			<alttexturenofocus>keyboard-btn-shift.png</alttexturenofocus>
			<alttexturefocus>keyboard-btn-shift-focus.png</alttexturefocus>
			<texturenofocus>keyboard-btn-shift.png</texturenofocus>
			<texturefocus>keyboard-btn-shift-focus.png</texturefocus>
			<align>center</align>
			<aligny>top</aligny>
			<font>font10</font>
			<textoffsety>32</textoffsety>
			<textcolor>TextcolorBlack</textcolor>
			<pulseonselect>no</pulseonselect>
			<!-- 	<visible>!Window.IsVisible(114)</visible> -->
			<animation effect="fade" time="100">Hidden</animation>
			<animation effect="fade" delay="450" time="200">Visible</animation>
			<animation effect="fade" time="200" delay="300">WindowOpen</animation>
			<animation effect="fade" time="200">WindowClose</animation>
		</control>
		<control type="togglebutton" id="303">
			<description>CAPS LOCK button</description>
			<posx>34</posx>
			<posy>314</posy>
			<width>60</width>
			<height>60</height>
			<label>31032</label>
			<onleft>300</onleft>
			<onright>86</onright>
			<onup>304</onup>
			<ondown>305</ondown>
			<alttexturenofocus>keyboard-btn-caps.png</alttexturenofocus>
			<alttexturefocus>keyboard-btn-caps-focus.png</alttexturefocus>
			<texturenofocus>keyboard-btn-caps.png</texturenofocus>
			<texturefocus>keyboard-btn-caps-focus.png</texturefocus>
			<align>center</align>
			<aligny>top</aligny>
			<font>font10</font>
			<textoffsety>32</textoffsety>
			<textcolor>TextcolorBlack</textcolor>
			<pulseonselect>no</pulseonselect>
			<!-- 			<visible>!Window.IsVisible(114)</visible> -->
			<animation effect="fade" time="100">Hidden</animation>
			<animation effect="fade" delay="450" time="200">Visible</animation>
			<animation effect="fade" time="200" delay="300">WindowOpen</animation>
			<animation effect="fade" time="200">WindowClose</animation>
		</control>
		<control type="button" id="300">
			<description>DONE button</description>
			<posx>414</posx>
			<posy>314</posy>
			<width>60</width>
			<height>60</height>
			<label>31035</label>
			<onleft>46</onleft>
			<onright>303</onright>
			<onup>302</onup>
			<ondown>306</ondown>
			<textoffsety>32</textoffsety>
			<texturenofocus>keyboard-btn-done.png</texturenofocus>
			<texturefocus>keyboard-btn-done-focus.png</texturefocus>
			<align>center</align>
			<aligny>top</aligny>
			<font>font10</font>
			<textoffsety>32</textoffsety>
			<textcolor>TextcolorBlack</textcolor>
			<pulseonselect>no</pulseonselect>
			<!-- 	<visible>!Window.IsVisible(114)</visible> -->
			<animation effect="fade" time="100">Hidden</animation>
			<animation effect="fade" delay="450" time="200">Visible</animation>
			<animation effect="fade" time="200" delay="300">WindowOpen</animation>
			<animation effect="fade" time="200">WindowClose</animation>
		</control>
		<control type="button" id="32">
			<description>SPACE button</description>
			<posx>99</posx>
			<posy>344</posy>
			<width>150</width>
			<height>30</height>
			<label>31033</label>
			<onleft>303</onleft>
			<onright>8</onright>
			<onup>86</onup>
			<ondown>307</ondown>
			<texturenofocus>keyboard-btn-space.png</texturenofocus>
			<texturefocus>keyboard-btn-space-focus.png</texturefocus>
			<align>left</align>
			<textoffsetx>10</textoffsetx>
			<aligny>center</aligny>
			<font>font12</font>
			<textcolor>TextcolorBlack</textcolor>
			<pulseonselect>no</pulseonselect>
			<!-- 			<visible>!Window.IsVisible(114)</visible> -->
			<animation effect="fade" time="100">Hidden</animation>
			<animation effect="fade" delay="450" time="200">Visible</animation>
			<animation effect="fade" time="200" delay="300">WindowOpen</animation>
			<animation effect="fade" time="200">WindowClose</animation>
		</control>
		<control type="button" id="8">
			<description>BACKSPACE button</description>
			<posx>249</posx>
			<posy>344</posy>
			<width>160</width>
			<height>30</height>
			<label>31034</label>
			<onleft>32</onleft>
			<onright>300</onright>
			<onup>84</onup>
			<ondown>307</ondown>
			<texturenofocus>keyboard-btn-space.png</texturenofocus>
			<texturefocus>keyboard-btn-space-focus.png</texturefocus>
			<align>left</align>
			<textoffsetx>30</textoffsetx>
			<aligny>center</aligny>
			<font>font12</font>
			<textcolor>TextcolorBlack</textcolor>
			<pulseonselect>no</pulseonselect>
			<!-- 			<visible>!Window.IsVisible(114)</visible> -->
			<animation effect="fade" time="100">Hidden</animation>
			<animation effect="fade" delay="450" time="200">Visible</animation>
			<animation effect="fade" time="200" delay="300">WindowOpen</animation>
			<animation effect="fade" time="200">WindowClose</animation>
		</control>
		<control type="image">
			<description>Back Button</description>
			<posx>259</posx>
			<posy>349</posy>
			<include>Button-Map-Texture-Width</include>
			<height>21</height>
			<texture>button-B.png</texture>
			<animation effect="fade" time="100">Hidden</animation>
			<animation effect="fade" delay="450" time="200">Visible</animation>
			<animation effect="fade" time="200" delay="300">WindowOpen</animation>
			<animation effect="fade" time="200">WindowClose</animation>
		</control>
		<control type="image">
			<description>Letter/Number Seperator</description>
			<posx>312</posx>
			<posy>219</posy>
			<width>4</width>
			<height>121</height>
			<texture>button_seperator.png</texture>
			<pulseonselect>no</pulseonselect>
			<!-- 			<visible>!Window.IsVisible(114)</visible> -->
			<animation effect="fade" time="100">Hidden</animation>
			<animation effect="fade" delay="450" time="200">Visible</animation>
			<animation effect="fade" time="200" delay="300">WindowOpen</animation>
			<animation effect="fade" time="200">WindowClose</animation>
		</control>
		<control type="button" id="65">
			<description>'A' button</description>
			<posx>99</posx>
			<posy>214</posy>
			<width>30</width>
			<height>30</height>
			<onleft>305</onleft>
			<onright>66</onright>
			<onup>307</onup>
			<ondown>72</ondown>
			<texturenofocus>keyboard-btn.png</texturenofocus>
			<texturefocus>keyboard-btn-focus.png</texturefocus>
			<align>center</align>
			<aligny>center</aligny>
			<font>font12</font>
			<textcolor>TextcolorBlack</textcolor>
			<pulseonselect>no</pulseonselect>
			<!-- 			<visible>!Window.IsVisible(114)</visible> -->
			<animation effect="fade" time="100">Hidden</animation>
			<animation effect="fade" delay="450" time="200">Visible</animation>
			<animation effect="fade" time="200" delay="300">WindowOpen</animation>
			<animation effect="fade" time="200">WindowClose</animation>
		</control>
		<control type="button" id="66">
			<description>'B' button</description>
			<posx>129</posx>
			<posy>214</posy>
			<width>30</width>
			<height>30</height>
			<onleft>65</onleft>
			<onright>67</onright>
			<onup>307</onup>
			<ondown>73</ondown>
			<texturenofocus>keyboard-btn.png</texturenofocus>
			<texturefocus>keyboard-btn-focus.png</texturefocus>
			<align>center</align>
			<aligny>center</aligny>
			<font>font12</font>
			<textcolor>TextcolorBlack</textcolor>
			<pulseonselect>no</pulseonselect>
			<!-- 			<visible>!Window.IsVisible(114)</visible> -->
			<animation effect="fade" time="100">Hidden</animation>
			<animation effect="fade" delay="450" time="200">Visible</animation>
			<animation effect="fade" time="200" delay="300">WindowOpen</animation>
			<animation effect="fade" time="200">WindowClose</animation>
		</control>
		<control type="button" id="67">
			<description>'C' button</description>
			<posx>159</posx>
			<posy>214</posy>
			<width>30</width>
			<height>30</height>
			<onleft>66</onleft>
			<onright>68</onright>
			<onup>307</onup>
			<ondown>74</ondown>
			<texturenofocus>keyboard-btn.png</texturenofocus>
			<texturefocus>keyboard-btn-focus.png</texturefocus>
			<align>center</align>
			<aligny>center</aligny>
			<font>font12</font>
			<textcolor>TextcolorBlack</textcolor>
			<pulseonselect>no</pulseonselect>
			<!-- 			<visible>!Window.IsVisible(114)</visible> -->
			<animation effect="fade" time="100">Hidden</animation>
			<animation effect="fade" delay="450" time="200">Visible</animation>
			<animation effect="fade" time="200" delay="300">WindowOpen</animation>
			<animation effect="fade" time="200">WindowClose</animation>
		</control>
		<control type="button" id="68">
			<description>'D' button</description>
			<posx>189</posx>
			<posy>214</posy>
			<width>30</width>
			<height>30</height>
			<onleft>67</onleft>
			<onright>69</onright>
			<onup>307</onup>
			<ondown>75</ondown>
			<texturenofocus>keyboard-btn.png</texturenofocus>
			<texturefocus>keyboard-btn-focus.png</texturefocus>
			<align>center</align>
			<aligny>center</aligny>
			<font>font12</font>
			<textcolor>TextcolorBlack</textcolor>
			<pulseonselect>no</pulseonselect>
			<!-- 			<visible>!Window.IsVisible(114)</visible> -->
			<animation effect="fade" time="100">Hidden</animation>
			<animation effect="fade" delay="450" time="200">Visible</animation>
			<animation effect="fade" time="200" delay="300">WindowOpen</animation>
			<animation effect="fade" time="200">WindowClose</animation>
		</control>
		<control type="button" id="69">
			<description>'E' button</description>
			<posx>219</posx>
			<posy>214</posy>
			<width>30</width>
			<height>30</height>
			<onleft>68</onleft>
			<onright>70</onright>
			<onup>307</onup>
			<ondown>76</ondown>
			<texturenofocus>keyboard-btn.png</texturenofocus>
			<texturefocus>keyboard-btn-focus.png</texturefocus>
			<align>center</align>
			<aligny>center</aligny>
			<font>font12</font>
			<textcolor>TextcolorBlack</textcolor>
			<pulseonselect>no</pulseonselect>
			<!-- 			<visible>!Window.IsVisible(114)</visible> -->
			<animation effect="fade" time="100">Hidden</animation>
			<animation effect="fade" delay="450" time="200">Visible</animation>
			<animation effect="fade" time="200" delay="300">WindowOpen</animation>
			<animation effect="fade" time="200">WindowClose</animation>
		</control>
		<control type="button" id="70">
			<description>'F' button</description>
			<posx>249</posx>
			<posy>214</posy>
			<width>30</width>
			<height>30</height>
			<onleft>69</onleft>
			<onright>71</onright>
			<onup>307</onup>
			<ondown>77</ondown>
			<texturenofocus>keyboard-btn.png</texturenofocus>
			<texturefocus>keyboard-btn-focus.png</texturefocus>
			<align>center</align>
			<aligny>center</aligny>
			<font>font12</font>
			<textcolor>TextcolorBlack</textcolor>
			<pulseonselect>no</pulseonselect>
			<!-- 			<visible>!Window.IsVisible(114)</visible> -->
			<animation effect="fade" time="100">Hidden</animation>
			<animation effect="fade" delay="450" time="200">Visible</animation>
			<animation effect="fade" time="200" delay="300">WindowOpen</animation>
			<animation effect="fade" time="200">WindowClose</animation>
		</control>
		<control type="button" id="71">
			<description>'G' button</description>
			<posx>279</posx>
			<posy>214</posy>
			<width>30</width>
			<height>30</height>
			<onleft>70</onleft>
			<onright>49</onright>
			<onup>307</onup>
			<ondown>78</ondown>
			<texturenofocus>keyboard-btn.png</texturenofocus>
			<texturefocus>keyboard-btn-focus.png</texturefocus>
			<align>center</align>
			<aligny>center</aligny>
			<font>font12</font>
			<textcolor>TextcolorBlack</textcolor>
			<pulseonselect>no</pulseonselect>
			<!-- 			<visible>!Window.IsVisible(114)</visible> -->
			<animation effect="fade" time="100">Hidden</animation>
			<animation effect="fade" delay="450" time="200">Visible</animation>
			<animation effect="fade" time="200" delay="300">WindowOpen</animation>
			<animation effect="fade" time="200">WindowClose</animation>
		</control>
		<control type="button" id="49">
			<description>'1' button</description>
			<posx>319</posx>
			<posy>214</posy>
			<width>30</width>
			<height>30</height>
			<onleft>71</onleft>
			<onright>50</onright>
			<onup>307</onup>
			<ondown>52</ondown>
			<texturenofocus>keyboard-btn.png</texturenofocus>
			<texturefocus>keyboard-btn-focus.png</texturefocus>
			<align>center</align>
			<aligny>center</aligny>
			<font>font12</font>
			<textcolor>TextcolorBlack</textcolor>
			<pulseonselect>no</pulseonselect>
			<!-- 			<visible>!Window.IsVisible(114)</visible> -->
			<animation effect="fade" time="100">Hidden</animation>
			<animation effect="fade" delay="450" time="200">Visible</animation>
			<animation effect="fade" time="200" delay="300">WindowOpen</animation>
			<animation effect="fade" time="200">WindowClose</animation>
		</control>
		<control type="button" id="50">
			<description>'2' button</description>
			<posx>349</posx>
			<posy>214</posy>
			<width>30</width>
			<height>30</height>
			<onleft>49</onleft>
			<onright>51</onright>
			<onup>307</onup>
			<ondown>53</ondown>
			<texturenofocus>keyboard-btn.png</texturenofocus>
			<texturefocus>keyboard-btn-focus.png</texturefocus>
			<align>center</align>
			<aligny>center</aligny>
			<font>font12</font>
			<textcolor>TextcolorBlack</textcolor>
			<pulseonselect>no</pulseonselect>
			<!-- 			<visible>!Window.IsVisible(114)</visible> -->
			<animation effect="fade" time="100">Hidden</animation>
			<animation effect="fade" delay="450" time="200">Visible</animation>
			<animation effect="fade" time="200" delay="300">WindowOpen</animation>
			<animation effect="fade" time="200">WindowClose</animation>
		</control>
		<control type="button" id="51">
			<description>'3' button</description>
			<posx>379</posx>
			<posy>214</posy>
			<width>30</width>
			<height>30</height>
			<onleft>50</onleft>
			<onright>306</onright>
			<onup>307</onup>
			<ondown>54</ondown>
			<texturenofocus>keyboard-btn.png</texturenofocus>
			<texturefocus>keyboard-btn-focus.png</texturefocus>
			<align>center</align>
			<aligny>center</aligny>
			<font>font12</font>
			<textcolor>TextcolorBlack</textcolor>
			<pulseonselect>no</pulseonselect>
			<!-- 			<visible>!Window.IsVisible(114)</visible> -->
			<animation effect="fade" time="100">Hidden</animation>
			<animation effect="fade" delay="450" time="200">Visible</animation>
			<animation effect="fade" time="200" delay="300">WindowOpen</animation>
			<animation effect="fade" time="200">WindowClose</animation>
		</control>
		<control type="button" id="72">
			<description>'H' button</description>
			<posx>99</posx>
			<posy>247</posy>
			<width>30</width>
			<height>30</height>
			<onleft>304</onleft>
			<onright>73</onright>
			<onup>65</onup>
			<ondown>79</ondown>
			<texturenofocus>keyboard-btn.png</texturenofocus>
			<texturefocus>keyboard-btn-focus.png</texturefocus>
			<align>center</align>
			<aligny>center</aligny>
			<font>font12</font>
			<textcolor>TextcolorBlack</textcolor>
			<pulseonselect>no</pulseonselect>
			<!-- 			<visible>!Window.IsVisible(114)</visible> -->
			<animation effect="fade" time="100">Hidden</animation>
			<animation effect="fade" delay="450" time="200">Visible</animation>
			<animation effect="fade" time="200" delay="300">WindowOpen</animation>
			<animation effect="fade" time="200">WindowClose</animation>
		</control>
		<control type="button" id="73">
			<description>'I' button</description>
			<posx>129</posx>
			<posy>247</posy>
			<width>30</width>
			<height>30</height>
			<onleft>72</onleft>
			<onright>74</onright>
			<onup>66</onup>
			<ondown>80</ondown>
			<texturenofocus>keyboard-btn.png</texturenofocus>
			<texturefocus>keyboard-btn-focus.png</texturefocus>
			<align>center</align>
			<aligny>center</aligny>
			<font>font12</font>
			<textcolor>TextcolorBlack</textcolor>
			<pulseonselect>no</pulseonselect>
			<!-- 			<visible>!Window.IsVisible(114)</visible> -->
			<animation effect="fade" time="100">Hidden</animation>
			<animation effect="fade" delay="450" time="200">Visible</animation>
			<animation effect="fade" time="200" delay="300">WindowOpen</animation>
			<animation effect="fade" time="200">WindowClose</animation>
		</control>
		<control type="button" id="74">
			<description>'J' button</description>
			<posx>159</posx>
			<posy>247</posy>
			<width>30</width>
			<height>30</height>
			<onleft>73</onleft>
			<onright>75</onright>
			<onup>67</onup>
			<ondown>81</ondown>
			<texturenofocus>keyboard-btn.png</texturenofocus>
			<texturefocus>keyboard-btn-focus.png</texturefocus>
			<align>center</align>
			<aligny>center</aligny>
			<font>font12</font>
			<textcolor>TextcolorBlack</textcolor>
			<pulseonselect>no</pulseonselect>
			<!-- 			<visible>!Window.IsVisible(114)</visible> -->
			<animation effect="fade" time="100">Hidden</animation>
			<animation effect="fade" delay="450" time="200">Visible</animation>
			<animation effect="fade" time="200" delay="300">WindowOpen</animation>
			<animation effect="fade" time="200">WindowClose</animation>
		</control>
		<control type="button" id="75">
			<description>'K' button</description>
			<posx>189</posx>
			<posy>247</posy>
			<width>30</width>
			<height>30</height>
			<onleft>74</onleft>
			<onright>76</onright>
			<onup>68</onup>
			<ondown>82</ondown>
			<texturenofocus>keyboard-btn.png</texturenofocus>
			<texturefocus>keyboard-btn-focus.png</texturefocus>
			<align>center</align>
			<aligny>center</aligny>
			<font>font12</font>
			<textcolor>TextcolorBlack</textcolor>
			<pulseonselect>no</pulseonselect>
			<!-- 			<visible>!Window.IsVisible(114)</visible> -->
			<animation effect="fade" time="100">Hidden</animation>
			<animation effect="fade" delay="450" time="200">Visible</animation>
			<animation effect="fade" time="200" delay="300">WindowOpen</animation>
			<animation effect="fade" time="200">WindowClose</animation>
		</control>
		<control type="button" id="76">
			<description>'L' button</description>
			<posx>219</posx>
			<posy>247</posy>
			<width>30</width>
			<height>30</height>
			<onleft>75</onleft>
			<onright>77</onright>
			<onup>69</onup>
			<ondown>83</ondown>
			<texturenofocus>keyboard-btn.png</texturenofocus>
			<texturefocus>keyboard-btn-focus.png</texturefocus>
			<align>center</align>
			<aligny>center</aligny>
			<font>font12</font>
			<textcolor>TextcolorBlack</textcolor>
			<pulseonselect>no</pulseonselect>
			<!-- 			<visible>!Window.IsVisible(114)</visible> -->
			<animation effect="fade" time="100">Hidden</animation>
			<animation effect="fade" delay="450" time="200">Visible</animation>
			<animation effect="fade" time="200" delay="300">WindowOpen</animation>
			<animation effect="fade" time="200">WindowClose</animation>
		</control>
		<control type="button" id="77">
			<description>'M' button</description>
			<posx>249</posx>
			<posy>247</posy>
			<width>30</width>
			<height>30</height>
			<onleft>76</onleft>
			<onright>78</onright>
			<onup>70</onup>
			<ondown>84</ondown>
			<texturenofocus>keyboard-btn.png</texturenofocus>
			<texturefocus>keyboard-btn-focus.png</texturefocus>
			<align>center</align>
			<aligny>center</aligny>
			<font>font12</font>
			<textcolor>TextcolorBlack</textcolor>
			<pulseonselect>no</pulseonselect>
			<!-- 			<visible>!Window.IsVisible(114)</visible> -->
			<animation effect="fade" time="100">Hidden</animation>
			<animation effect="fade" delay="450" time="200">Visible</animation>
			<animation effect="fade" time="200" delay="300">WindowOpen</animation>
			<animation effect="fade" time="200">WindowClose</animation>
		</control>
		<control type="button" id="78">
			<description>'N' button</description>
			<posx>279</posx>
			<posy>247</posy>
			<width>30</width>
			<height>30</height>
			<onleft>77</onleft>
			<onright>52</onright>
			<onup>71</onup>
			<ondown>85</ondown>
			<texturenofocus>keyboard-btn.png</texturenofocus>
			<texturefocus>keyboard-btn-focus.png</texturefocus>
			<align>center</align>
			<aligny>center</aligny>
			<font>font12</font>
			<textcolor>TextcolorBlack</textcolor>
			<pulseonselect>no</pulseonselect>
			<!-- 			<visible>!Window.IsVisible(114)</visible> -->
			<animation effect="fade" time="100">Hidden</animation>
			<animation effect="fade" delay="450" time="200">Visible</animation>
			<animation effect="fade" time="200" delay="300">WindowOpen</animation>
			<animation effect="fade" time="200">WindowClose</animation>
		</control>
		<control type="button" id="52">
			<description>'4' button</description>
			<posx>319</posx>
			<posy>247</posy>
			<width>30</width>
			<height>30</height>
			<onleft>78</onleft>
			<onright>53</onright>
			<onup>49</onup>
			<ondown>55</ondown>
			<texturenofocus>keyboard-btn.png</texturenofocus>
			<texturefocus>keyboard-btn-focus.png</texturefocus>
			<align>center</align>
			<aligny>center</aligny>
			<font>font12</font>
			<textcolor>TextcolorBlack</textcolor>
			<pulseonselect>no</pulseonselect>
			<!-- 			<visible>!Window.IsVisible(114)</visible> -->
			<animation effect="fade" time="100">Hidden</animation>
			<animation effect="fade" delay="450" time="200">Visible</animation>
			<animation effect="fade" time="200" delay="300">WindowOpen</animation>
			<animation effect="fade" time="200">WindowClose</animation>
		</control>
		<control type="button" id="53">
			<description>'5' button</description>
			<posx>349</posx>
			<posy>247</posy>
			<width>30</width>
			<height>30</height>
			<onleft>52</onleft>
			<onright>54</onright>
			<onup>50</onup>
			<ondown>56</ondown>
			<texturenofocus>keyboard-btn.png</texturenofocus>
			<texturefocus>keyboard-btn-focus.png</texturefocus>
			<align>center</align>
			<aligny>center</aligny>
			<font>font12</font>
			<textcolor>TextcolorBlack</textcolor>
			<pulseonselect>no</pulseonselect>
			<!-- 			<visible>!Window.IsVisible(114)</visible> -->
			<animation effect="fade" time="100">Hidden</animation>
			<animation effect="fade" delay="450" time="200">Visible</animation>
			<animation effect="fade" time="200" delay="300">WindowOpen</animation>
			<animation effect="fade" time="200">WindowClose</animation>
		</control>
		<control type="button" id="54">
			<description>'6' button</description>
			<posx>379</posx>
			<posy>247</posy>
			<width>30</width>
			<height>30</height>
			<onleft>53</onleft>
			<onright>302</onright>
			<onup>51</onup>
			<ondown>57</ondown>
			<texturenofocus>keyboard-btn.png</texturenofocus>
			<texturefocus>keyboard-btn-focus.png</texturefocus>
			<align>center</align>
			<aligny>center</aligny>
			<font>font12</font>
			<textcolor>TextcolorBlack</textcolor>
			<pulseonselect>no</pulseonselect>
			<!-- 			<visible>!Window.IsVisible(114)</visible> -->
			<animation effect="fade" time="100">Hidden</animation>
			<animation effect="fade" delay="450" time="200">Visible</animation>
			<animation effect="fade" time="200" delay="300">WindowOpen</animation>
			<animation effect="fade" time="200">WindowClose</animation>
		</control>
		<control type="button" id="79">
			<description>'O' button</description>
			<posx>99</posx>
			<posy>280</posy>
			<width>30</width>
			<height>30</height>
			<onleft>304</onleft>
			<onright>80</onright>
			<onup>72</onup>
			<ondown>86</ondown>
			<texturenofocus>keyboard-btn.png</texturenofocus>
			<texturefocus>keyboard-btn-focus.png</texturefocus>
			<align>center</align>
			<aligny>center</aligny>
			<font>font12</font>
			<textcolor>TextcolorBlack</textcolor>
			<pulseonselect>no</pulseonselect>
			<!-- 			<visible>!Window.IsVisible(114)</visible> -->
			<animation effect="fade" time="100">Hidden</animation>
			<animation effect="fade" delay="450" time="200">Visible</animation>
			<animation effect="fade" time="200" delay="300">WindowOpen</animation>
			<animation effect="fade" time="200">WindowClose</animation>
		</control>
		<control type="button" id="80">
			<description>'P' button</description>
			<posx>129</posx>
			<posy>280</posy>
			<width>30</width>
			<height>30</height>
			<onleft>79</onleft>
			<onright>81</onright>
			<onup>73</onup>
			<ondown>87</ondown>
			<texturenofocus>keyboard-btn.png</texturenofocus>
			<texturefocus>keyboard-btn-focus.png</texturefocus>
			<align>center</align>
			<aligny>center</aligny>
			<font>font12</font>
			<textcolor>TextcolorBlack</textcolor>
			<pulseonselect>no</pulseonselect>
			<!-- 			<visible>!Window.IsVisible(114)</visible> -->
			<animation effect="fade" time="100">Hidden</animation>
			<animation effect="fade" delay="450" time="200">Visible</animation>
			<animation effect="fade" time="200" delay="300">WindowOpen</animation>
			<animation effect="fade" time="200">WindowClose</animation>
		</control>
		<control type="button" id="81">
			<description>'Q' button</description>
			<posx>159</posx>
			<posy>280</posy>
			<width>30</width>
			<height>30</height>
			<onleft>80</onleft>
			<onright>82</onright>
			<onup>74</onup>
			<ondown>88</ondown>
			<texturenofocus>keyboard-btn.png</texturenofocus>
			<texturefocus>keyboard-btn-focus.png</texturefocus>
			<align>center</align>
			<aligny>center</aligny>
			<font>font12</font>
			<textcolor>TextcolorBlack</textcolor>
			<pulseonselect>no</pulseonselect>
			<!-- 			<visible>!Window.IsVisible(114)</visible> -->
			<animation effect="fade" time="100">Hidden</animation>
			<animation effect="fade" delay="450" time="200">Visible</animation>
			<animation effect="fade" time="200" delay="300">WindowOpen</animation>
			<animation effect="fade" time="200">WindowClose</animation>
		</control>
		<control type="button" id="82">
			<description>'R' button</description>
			<posx>189</posx>
			<posy>280</posy>
			<width>30</width>
			<height>30</height>
			<onleft>81</onleft>
			<onright>83</onright>
			<onup>75</onup>
			<ondown>89</ondown>
			<texturenofocus>keyboard-btn.png</texturenofocus>
			<texturefocus>keyboard-btn-focus.png</texturefocus>
			<align>center</align>
			<aligny>center</aligny>
			<font>font12</font>
			<textcolor>TextcolorBlack</textcolor>
			<pulseonselect>no</pulseonselect>
			<!-- 			<visible>!Window.IsVisible(114)</visible> -->
			<animation effect="fade" time="100">Hidden</animation>
			<animation effect="fade" delay="450" time="200">Visible</animation>
			<animation effect="fade" time="200" delay="300">WindowOpen</animation>
			<animation effect="fade" time="200">WindowClose</animation>
		</control>
		<control type="button" id="83">
			<description>'S' button</description>
			<posx>219</posx>
			<posy>280</posy>
			<width>30</width>
			<height>30</height>
			<onleft>82</onleft>
			<onright>84</onright>
			<onup>76</onup>
			<ondown>90</ondown>
			<texturenofocus>keyboard-btn.png</texturenofocus>
			<texturefocus>keyboard-btn-focus.png</texturefocus>
			<align>center</align>
			<aligny>center</aligny>
			<font>font12</font>
			<textcolor>TextcolorBlack</textcolor>
			<pulseonselect>no</pulseonselect>
			<!-- 			<visible>!Window.IsVisible(114)</visible> -->
			<animation effect="fade" time="100">Hidden</animation>
			<animation effect="fade" delay="450" time="200">Visible</animation>
			<animation effect="fade" time="200" delay="300">WindowOpen</animation>
			<animation effect="fade" time="200">WindowClose</animation>
		</control>
		<control type="button" id="84">
			<description>'T' button</description>
			<posx>249</posx>
			<posy>280</posy>
			<width>30</width>
			<height>30</height>
			<onleft>83</onleft>
			<onright>85</onright>
			<onup>77</onup>
			<ondown>45</ondown>
			<texturenofocus>keyboard-btn.png</texturenofocus>
			<texturefocus>keyboard-btn-focus.png</texturefocus>
			<align>center</align>
			<aligny>center</aligny>
			<font>font12</font>
			<textcolor>TextcolorBlack</textcolor>
			<pulseonselect>no</pulseonselect>
			<!-- 			<visible>!Window.IsVisible(114)</visible> -->
			<animation effect="fade" time="100">Hidden</animation>
			<animation effect="fade" delay="450" time="200">Visible</animation>
			<animation effect="fade" time="200" delay="300">WindowOpen</animation>
			<animation effect="fade" time="200">WindowClose</animation>
		</control>
		<control type="button" id="85">
			<description>'U' button</description>
			<posx>279</posx>
			<posy>280</posy>
			<width>30</width>
			<height>30</height>
			<onleft>84</onleft>
			<onright>55</onright>
			<onup>78</onup>
			<ondown>64</ondown>
			<texturenofocus>keyboard-btn.png</texturenofocus>
			<texturefocus>keyboard-btn-focus.png</texturefocus>
			<align>center</align>
			<aligny>center</aligny>
			<font>font12</font>
			<textcolor>TextcolorBlack</textcolor>
			<pulseonselect>no</pulseonselect>
			<!-- 			<visible>!Window.IsVisible(114)</visible> -->
			<animation effect="fade" time="100">Hidden</animation>
			<animation effect="fade" delay="450" time="200">Visible</animation>
			<animation effect="fade" time="200" delay="300">WindowOpen</animation>
			<animation effect="fade" time="200">WindowClose</animation>
		</control>
		<control type="button" id="55">
			<description>'7' button</description>
			<posx>319</posx>
			<posy>280</posy>
			<width>30</width>
			<height>30</height>
			<onleft>85</onleft>
			<onright>56</onright>
			<onup>52</onup>
			<ondown>95</ondown>
			<texturenofocus>keyboard-btn.png</texturenofocus>
			<texturefocus>keyboard-btn-focus.png</texturefocus>
			<align>center</align>
			<aligny>center</aligny>
			<font>font12</font>
			<textcolor>TextcolorBlack</textcolor>
			<pulseonselect>no</pulseonselect>
			<!-- 			<visible>!Window.IsVisible(114)</visible> -->
			<animation effect="fade" time="100">Hidden</animation>
			<animation effect="fade" delay="450" time="200">Visible</animation>
			<animation effect="fade" time="200" delay="300">WindowOpen</animation>
			<animation effect="fade" time="200">WindowClose</animation>
		</control>
		<control type="button" id="56">
			<description>'8' button</description>
			<posx>349</posx>
			<posy>280</posy>
			<width>30</width>
			<height>30</height>
			<onleft>55</onleft>
			<onright>57</onright>
			<onup>53</onup>
			<ondown>48</ondown>
			<texturenofocus>keyboard-btn.png</texturenofocus>
			<texturefocus>keyboard-btn-focus.png</texturefocus>
			<align>center</align>
			<aligny>center</aligny>
			<font>font12</font>
			<textcolor>TextcolorBlack</textcolor>
			<pulseonselect>no</pulseonselect>
			<!-- 			<visible>!Window.IsVisible(114)</visible> -->
			<animation effect="fade" time="100">Hidden</animation>
			<animation effect="fade" delay="450" time="200">Visible</animation>
			<animation effect="fade" time="200" delay="300">WindowOpen</animation>
			<animation effect="fade" time="200">WindowClose</animation>
		</control>
		<control type="button" id="57">
			<description>'9' button</description>
			<posx>379</posx>
			<posy>280</posy>
			<width>30</width>
			<height>30</height>
			<onleft>56</onleft>
			<onright>302</onright>
			<onup>54</onup>
			<ondown>46</ondown>
			<texturenofocus>keyboard-btn.png</texturenofocus>
			<texturefocus>keyboard-btn-focus.png</texturefocus>
			<align>center</align>
			<aligny>center</aligny>
			<font>font12</font>
			<textcolor>TextcolorBlack</textcolor>
			<pulseonselect>no</pulseonselect>
			<!-- 			<visible>!Window.IsVisible(114)</visible> -->
			<animation effect="fade" time="100">Hidden</animation>
			<animation effect="fade" delay="450" time="200">Visible</animation>
			<animation effect="fade" time="200" delay="300">WindowOpen</animation>
			<animation effect="fade" time="200">WindowClose</animation>
		</control>
		<control type="button" id="86">
			<description>'V' button</description>
			<posx>99</posx>
			<posy>314</posy>
			<width>30</width>
			<height>30</height>
			<onleft>303</onleft>
			<onright>87</onright>
			<onup>79</onup>
			<ondown>32</ondown>
			<texturenofocus>keyboard-btn.png</texturenofocus>
			<texturefocus>keyboard-btn-focus.png</texturefocus>
			<align>center</align>
			<aligny>center</aligny>
			<font>font12</font>
			<textcolor>TextcolorBlack</textcolor>
			<pulseonselect>no</pulseonselect>
			<!-- 			<visible>!Window.IsVisible(114)</visible> -->
			<animation effect="fade" time="100">Hidden</animation>
			<animation effect="fade" delay="450" time="200">Visible</animation>
			<animation effect="fade" time="200" delay="300">WindowOpen</animation>
			<animation effect="fade" time="200">WindowClose</animation>
		</control>
		<control type="button" id="87">
			<description>'W' button</description>
			<posx>129</posx>
			<posy>314</posy>
			<width>30</width>
			<height>30</height>
			<onleft>86</onleft>
			<onright>88</onright>
			<onup>80</onup>
			<ondown>32</ondown>
			<texturenofocus>keyboard-btn.png</texturenofocus>
			<texturefocus>keyboard-btn-focus.png</texturefocus>
			<align>center</align>
			<aligny>center</aligny>
			<font>font12</font>
			<textcolor>TextcolorBlack</textcolor>
			<pulseonselect>no</pulseonselect>
			<!-- 			<visible>!Window.IsVisible(114)</visible> -->
			<animation effect="fade" time="100">Hidden</animation>
			<animation effect="fade" delay="450" time="200">Visible</animation>
			<animation effect="fade" time="200" delay="300">WindowOpen</animation>
			<animation effect="fade" time="200">WindowClose</animation>
		</control>
		<control type="button" id="88">
			<description>'X' button</description>
			<posx>159</posx>
			<posy>314</posy>
			<width>30</width>
			<height>30</height>
			<onleft>87</onleft>
			<onright>89</onright>
			<onup>81</onup>
			<ondown>32</ondown>
			<texturenofocus>keyboard-btn.png</texturenofocus>
			<texturefocus>keyboard-btn-focus.png</texturefocus>
			<align>center</align>
			<aligny>center</aligny>
			<font>font12</font>
			<textcolor>TextcolorBlack</textcolor>
			<pulseonselect>no</pulseonselect>
			<!-- 			<visible>!Window.IsVisible(114)</visible> -->
			<animation effect="fade" time="100">Hidden</animation>
			<animation effect="fade" delay="450" time="200">Visible</animation>
			<animation effect="fade" time="200" delay="300">WindowOpen</animation>
			<animation effect="fade" time="200">WindowClose</animation>
		</control>
		<control type="button" id="89">
			<description>'Y' button</description>
			<posx>189</posx>
			<posy>314</posy>
			<width>30</width>
			<height>30</height>
			<onleft>88</onleft>
			<onright>90</onright>
			<onup>82</onup>
			<ondown>32</ondown>
			<texturenofocus>keyboard-btn.png</texturenofocus>
			<texturefocus>keyboard-btn-focus.png</texturefocus>
			<align>center</align>
			<aligny>center</aligny>
			<font>font12</font>
			<textcolor>TextcolorBlack</textcolor>
			<pulseonselect>no</pulseonselect>
			<!-- 			<visible>!Window.IsVisible(114)</visible> -->
			<animation effect="fade" time="100">Hidden</animation>
			<animation effect="fade" delay="450" time="200">Visible</animation>
			<animation effect="fade" time="200" delay="300">WindowOpen</animation>
			<animation effect="fade" time="200">WindowClose</animation>
		</control>
		<control type="button" id="90">
			<description>'Z' button</description>
			<posx>219</posx>
			<posy>314</posy>
			<width>30</width>
			<height>30</height>
			<onleft>89</onleft>
			<onright>45</onright>
			<onup>83</onup>
			<ondown>32</ondown>
			<texturenofocus>keyboard-btn.png</texturenofocus>
			<texturefocus>keyboard-btn-focus.png</texturefocus>
			<align>center</align>
			<aligny>center</aligny>
			<font>font12</font>
			<textcolor>TextcolorBlack</textcolor>
			<pulseonselect>no</pulseonselect>
			<!-- 			<visible>!Window.IsVisible(114)</visible> -->
			<animation effect="fade" time="100">Hidden</animation>
			<animation effect="fade" delay="450" time="200">Visible</animation>
			<animation effect="fade" time="200" delay="300">WindowOpen</animation>
			<animation effect="fade" time="200">WindowClose</animation>
		</control>
		<control type="button" id="45">
			<description>'-' Button</description>
			<posx>249</posx>
			<posy>314</posy>
			<width>30</width>
			<height>30</height>
			<onleft>90</onleft>
			<onright>64</onright>
			<onup>84</onup>
			<ondown>8</ondown>
			<texturenofocus>keyboard-btn.png</texturenofocus>
			<texturefocus>keyboard-btn-focus.png</texturefocus>
			<align>center</align>
			<aligny>center</aligny>
			<font>font12</font>
			<textcolor>TextcolorBlack</textcolor>
			<pulseonselect>no</pulseonselect>
			<!-- 			<visible>!Window.IsVisible(114)</visible> -->
			<animation effect="fade" time="100">Hidden</animation>
			<animation effect="fade" delay="450" time="200">Visible</animation>
			<animation effect="fade" time="200" delay="300">WindowOpen</animation>
			<animation effect="fade" time="200">WindowClose</animation>
		</control>
		<control type="button" id="64">
			<description>'@' Button</description>
			<posx>279</posx>
			<posy>314</posy>
			<width>30</width>
			<height>30</height>
			<onleft>45</onleft>
			<onright>95</onright>
			<onup>85</onup>
			<ondown>8</ondown>
			<texturenofocus>keyboard-btn.png</texturenofocus>
			<texturefocus>keyboard-btn-focus.png</texturefocus>
			<align>center</align>
			<aligny>center</aligny>
			<font>font12</font>
			<textcolor>TextcolorBlack</textcolor>
			<pulseonselect>no</pulseonselect>
			<!-- 			<visible>!Window.IsVisible(114)</visible> -->
			<animation effect="fade" time="100">Hidden</animation>
			<animation effect="fade" delay="450" time="200">Visible</animation>
			<animation effect="fade" time="200" delay="300">WindowOpen</animation>
			<animation effect="fade" time="200">WindowClose</animation>
		</control>
		<control type="button" id="95">
			<description>'_' Button</description>
			<posx>319</posx>
			<posy>314</posy>
			<width>30</width>
			<height>30</height>
			<onleft>64</onleft>
			<onright>48</onright>
			<onup>55</onup>
			<ondown>8</ondown>
			<texturenofocus>keyboard-btn.png</texturenofocus>
			<texturefocus>keyboard-btn-focus.png</texturefocus>
			<align>center</align>
			<aligny>center</aligny>
			<font>font12</font>
			<textcolor>TextcolorBlack</textcolor>
			<pulseonselect>no</pulseonselect>
			<!-- 			<visible>!Window.IsVisible(114)</visible> -->
			<animation effect="fade" time="100">Hidden</animation>
			<animation effect="fade" delay="450" time="200">Visible</animation>
			<animation effect="fade" time="200" delay="300">WindowOpen</animation>
			<animation effect="fade" time="200">WindowClose</animation>
		</control>
		<control type="button" id="48">
			<description>'0' button</description>
			<posx>349</posx>
			<posy>314</posy>
			<width>30</width>
			<height>30</height>
			<onleft>95</onleft>
			<onright>46</onright>
			<onup>56</onup>
			<ondown>8</ondown>
			<texturenofocus>keyboard-btn.png</texturenofocus>
			<texturefocus>keyboard-btn-focus.png</texturefocus>
			<align>center</align>
			<aligny>center</aligny>
			<font>font12</font>
			<textcolor>TextcolorBlack</textcolor>
			<pulseonselect>no</pulseonselect>
			<!-- 			<visible>!Window.IsVisible(114)</visible> -->
			<animation effect="fade" time="100">Hidden</animation>
			<animation effect="fade" delay="450" time="200">Visible</animation>
			<animation effect="fade" time="200" delay="300">WindowOpen</animation>
			<animation effect="fade" time="200">WindowClose</animation>
		</control>
		<control type="button" id="46">
			<description>'.' Button</description>
			<posx>379</posx>
			<posy>314</posy>
			<width>30</width>
			<height>30</height>
			<onleft>48</onleft>
			<onright>300</onright>
			<onup>57</onup>
			<ondown>8</ondown>
			<texturenofocus>keyboard-btn.png</texturenofocus>
			<texturefocus>keyboard-btn-focus.png</texturefocus>
			<align>center</align>
			<aligny>center</aligny>
			<font>font12</font>
			<textcolor>TextcolorBlack</textcolor>
			<pulseonselect>no</pulseonselect>
			<!-- 			<visible>!Window.IsVisible(114)</visible> -->
			<animation effect="fade" time="100">Hidden</animation>
			<animation effect="fade" delay="450" time="200">Visible</animation>
			<animation effect="fade" time="200" delay="300">WindowOpen</animation>
			<animation effect="fade" time="200">WindowClose</animation>
		</control>
		<control type="image">
			<description>Back Button</description>
			<posx>430</posx>
			<posy>475</posy>
			<include>Button-Map-Texture-Width</include>
			<height>21</height>
			<texture>button-Back.png</texture>
			<visible>!Window.IsActive(129) + !Window.IsActive(1122)</visible>
			<animation effect="fade" time="100">Hidden</animation>
			<animation effect="fade" delay="450" time="200">Visible</animation>
			<animation effect="slide" time="300" start="-655,0">WindowOpen</animation>
			<animation effect="slide" delay="200" time="300" end="-655,0">WindowClose</animation>
		</control>
		<control type="image">
			<description>A Button</description>
			<posx>445</posx>
			<posy>498</posy>
			<include>Button-Map-Texture-Width</include>
			<height>21</height>
			<texture>button-A.png</texture>
			<visible>!Window.IsActive(129) + !Window.IsActive(1122)</visible>
			<animation effect="fade" time="100">Hidden</animation>
			<animation effect="fade" delay="450" time="200">Visible</animation>
			<animation effect="slide" time="300" start="-655,0">WindowOpen</animation>
			<animation effect="slide" delay="200" time="300" end="-655,0">WindowClose</animation>
		</control>
		<control type="image">
			<description>Y Button</description>
			<posx>60</posx>
			<posy>475</posy>
			<include>Button-Map-Texture-Width</include>
			<height>21</height>
			<texture>button-Y.png</texture>
			<visible>!Window.IsActive(129) + !Window.IsActive(1122)</visible>
			<animation effect="fade" time="100">Hidden</animation>
			<animation effect="fade" delay="450" time="200">Visible</animation>
			<animation effect="slide" time="300" start="-655,0">WindowOpen</animation>
			<animation effect="slide" delay="200" time="300" end="-655,0">WindowClose</animation>
		</control>
		<control type="image">
			<description>X Button</description>
			<posx>45</posx>
			<posy>498</posy>
			<include>Button-Map-Texture-Width</include>
			<height>21</height>
			<texture>button-X.png</texture>
			<visible>!Window.IsActive(129) + !Window.IsActive(1122)</visible>
			<animation effect="fade" time="100">Hidden</animation>
			<animation effect="fade" delay="450" time="200">Visible</animation>
			<animation effect="slide" time="300" start="-655,0">WindowOpen</animation>
			<animation effect="slide" delay="200" time="300" end="-655,0">WindowClose</animation>
		</control>
		<control type="label">
			<description>Shift Label</description>
			<posx>85</posx>
			<posy>475</posy>
			<label>31031</label>
			<align>left</align>
			<font>font12</font>
			<visible>!Window.IsActive(129) + !Window.IsActive(1122) </visible>
			<animation effect="fade" time="100">Hidden</animation>
			<animation effect="fade" delay="450" time="200">Visible</animation>
			<animation effect="slide" time="300" start="-655,0">WindowOpen</animation>
			<animation effect="slide" delay="200" time="300" end="-655,0">WindowClose</animation>
		</control>
		<control type="label">
			<description>Symbols Label Label</description>
			<posx>70</posx>
			<posy>498</posy>
			<label>31030</label>
			<align>left</align>
			<font>font12</font>
			<visible>!Window.IsActive(129) + !Window.IsActive(1122)</visible>
			<animation effect="fade" time="100">Hidden</animation>
			<animation effect="fade" delay="450" time="200">Visible</animation>
			<animation effect="slide" time="300" start="-655,0">WindowOpen</animation>
			<animation effect="slide" delay="200" time="300" end="-655,0">WindowClose</animation>
		</control>
		<control type="label">
			<description>Back Label</description>
			<posx>424</posx>
			<posy>479</posy>
			<label>31027</label>
			<align>right</align>
			<font>font12</font>
			<visible>!Window.IsActive(129) + !Window.IsActive(1122)</visible>
			<animation effect="fade" time="100">Hidden</animation>
			<animation effect="fade" delay="450" time="200">Visible</animation>
			<animation effect="slide" time="300" start="-655,0">WindowOpen</animation>
			<animation effect="slide" delay="200" time="300" end="-655,0">WindowClose</animation>
		</control>
		<control type="label">
			<description>Select Label</description>
			<posx>436</posx>
			<posy>502</posy>
			<label>31024</label>
			<align>right</align>
			<font>font12</font>
			<visible>!Window.IsActive(129) + !Window.IsActive(1122)</visible>
			<animation effect="fade" time="100">Hidden</animation>
			<animation effect="fade" delay="450" time="200">Visible</animation>
			<animation effect="slide" time="300" start="-655,0">WindowOpen</animation>
			<animation effect="slide" delay="200" time="300" end="-655,0">WindowClose</animation>
		</control>
		<!-- This set is used for MediaSource to VirtualKeyboard animation transitions -->
		<control type="image">
			<description>Back Button</description>
			<posx>430</posx>
			<posy>475</posy>
			<include>Button-Map-Texture-Width</include>
			<height>21</height>
			<texture>button-Back.png</texture>
			<visible>Window.IsActive(129) | Window.IsActive(1122)</visible>
			<animation effect="fade" time="100">Hidden</animation>
			<animation effect="fade" delay="450" time="200">Visible</animation>
			<animation effect="fade" delay="450" time="200">WindowOpen</animation>
			<animation effect="fade" time="150">WindowClose</animation>
		</control>
		<control type="image">
			<description>A Button</description>
			<posx>445</posx>
			<posy>498</posy>
			<include>Button-Map-Texture-Width</include>
			<height>21</height>
			<texture>button-A.png</texture>
			<visible>Window.IsActive(129) | Window.IsActive(1122)</visible>
			<animation effect="fade" time="100">Hidden</animation>
			<animation effect="fade" delay="450" time="200">Visible</animation>
			<animation effect="fade" delay="450" time="200">WindowOpen</animation>
			<animation effect="fade" time="150">WindowClose</animation>
		</control>
		<control type="image">
			<description>Y Button</description>
			<posx>60</posx>
			<posy>475</posy>
			<include>Button-Map-Texture-Width</include>
			<height>21</height>
			<texture>button-Y.png</texture>
			<visible>Window.IsActive(129) | Window.IsActive(1122)</visible>
			<animation effect="fade" time="100">Hidden</animation>
			<animation effect="fade" delay="450" time="200">Visible</animation>
			<animation effect="fade" delay="450" time="200">WindowOpen</animation>
			<animation effect="fade" time="150">WindowClose</animation>
		</control>
		<control type="image">
			<description>X Button</description>
			<posx>45</posx>
			<posy>498</posy>
			<include>Button-Map-Texture-Width</include>
			<height>21</height>
			<texture>button-X.png</texture>
			<visible>Window.IsActive(129) | Window.IsActive(1122)</visible>
			<animation effect="fade" time="100">Hidden</animation>
			<animation effect="fade" delay="450" time="200">Visible</animation>
			<animation effect="fade" delay="450" time="200">WindowOpen</animation>
			<animation effect="fade" time="150">WindowClose</animation>
		</control>
		<control type="label">
			<description>Back Label</description>
			<posx>424</posx>
			<posy>479</posy>
			<label>31027</label>
			<align>right</align>
			<font>font12</font>
			<visible>Window.IsActive(129) | Window.IsActive(1122)</visible>
			<animation effect="fade" time="100">Hidden</animation>
			<animation effect="fade" delay="450" time="200">Visible</animation>
			<animation effect="fade" delay="450" time="200">WindowOpen</animation>
			<animation effect="fade" time="150">WindowClose</animation>
		</control>
		<control type="label">
			<description>Select Label</description>
			<posx>436</posx>
			<posy>502</posy>
			<label>31024</label>
			<align>right</align>
			<font>font12</font>
			<visible>Window.IsActive(129) | Window.IsActive(1122)</visible>
			<animation effect="fade" time="100">Hidden</animation>
			<animation effect="fade" delay="450" time="200">Visible</animation>
			<animation effect="fade" delay="450" time="200">WindowOpen</animation>
			<animation effect="fade" time="150">WindowClose</animation>
		</control>
		<control type="label">
			<description>Shift Label</description>
			<posx>85</posx>
			<posy>475</posy>
			<label>31031</label>
			<align>left</align>
			<font>font12</font>
			<visible>Window.IsActive(129) | Window.IsActive(1122)</visible>
			<animation effect="fade" time="100">Hidden</animation>
			<animation effect="fade" delay="450" time="200">Visible</animation>
			<animation effect="fade" delay="450" time="200">WindowOpen</animation>
			<animation effect="fade" time="150">WindowClose</animation>
		</control>
		<control type="label">
			<description>Symbols Label Label</description>
			<posx>70</posx>
			<posy>498</posy>
			<label>31030</label>
			<align>left</align>
			<font>font12</font>
			<visible>Window.IsActive(129) | Window.IsActive(1122)</visible>
			<animation effect="fade" time="100">Hidden</animation>
			<animation effect="fade" delay="450" time="200">Visible</animation>
			<animation effect="fade" delay="450" time="200">WindowOpen</animation>
			<animation effect="fade" time="150">WindowClose</animation>
		</control>
	</controls>
</window>