<window id="2003">
	<defaultcontrol>5</defaultcontrol>
	<allowoverlay>no</allowoverlay>
	<controls>
		<control type="image">
			<description>Black translucent backdrop</description>
			<posx>0</posx>
			<posy>0</posy>
			<width>720</width>
			<height>576</height>
			<texture>guide-black.png</texture>
			<colordiffuse>DDFFFFFF</colordiffuse>
			<animation effect="fade" delay="450" time="100">WindowClose</animation>
		</control>
		<control type="image">
			<description>Guide Blade Background</description>
			<posx>56</posx>
			<posy>0</posy>
			<width>690</width>
			<height>576</height>
			<visible>!Skin.String(GuidePanel)</visible>
			<texture>background-grey.png</texture>
			<animation effect="slide" time="250" start="212,0">WindowOpen</animation>
			<animation effect="slide" time="250" delay="250" end="720,0">WindowClose</animation>
		</control>
		<control type="image">
			<description>Custom Guide Blade Background</description>
			<posx>56</posx>
			<posy>0</posy>
			<width>690</width>
			<height>576</height>
			<texture>-</texture>
			<info>Skin.String(GuidePanel)</info>
			<texture>background-grey.png</texture>
			<animation effect="slide" time="250" start="212,0">WindowOpen</animation>
			<animation effect="slide" time="250" delay="250" end="720,0">WindowClose</animation>
		</control>
		<control type="image">
			<description>Guide Blade Overlay</description>
			<posx>128</posx>
			<posy>0</posy>
			<width>592</width>
			<height>576</height>
			<texture>guide-blade-overlay-tile.png</texture>
			<animation effect="slide" time="250" start="212,0">WindowOpen</animation>
			<animation effect="slide" time="250" delay="250" end="720,0">WindowClose</animation>
		</control>
		<control type="image">
			<description>Guide Edge Overlay</description>
			<posx>28</posx>
			<posy>0</posy>
			<width>100</width>
			<height>576</height>
			<texture>guide-blade-overlay-edge-right.png</texture>
			<animation effect="slide" time="250" start="212,0">WindowOpen</animation>
			<animation effect="slide" time="250" delay="250" end="720,0">WindowClose</animation>
		</control>
		<control type="image">
			<description>Back Button</description>
			<posx>630</posx>
			<posy>475</posy>
			<include>Button-Map-Texture-Width</include>
			<height>21</height>
			<texture>button-Back.png</texture>
			<animation effect="slide" time="250" start="212,0">WindowOpen</animation>
			<animation effect="slide" time="250" delay="250" end="720,0">WindowClose</animation>
		</control>
		<control type="image">
			<description>A Button</description>
			<posx>645</posx>
			<posy>498</posy>
			<include>Button-Map-Texture-Width</include>
			<height>21</height>
			<texture>button-A.png</texture>
			<animation effect="slide" time="250" start="212,0">WindowOpen</animation>
			<animation effect="slide" time="250" delay="250" end="720,0">WindowClose</animation>
		</control>
		<control type="image">
			<description>Y Button</description>
			<posx>110</posx>
			<posy>475</posy>
			<include>Button-Map-Texture-Width</include>
			<height>21</height>
			<texture>button-Y-turnedoff.png</texture>
			<animation effect="slide" time="250" start="212,0">WindowOpen</animation>
			<animation effect="slide" time="250" delay="250" end="720,0">WindowClose</animation>
		</control>
		<control type="image">
			<description>X Button</description>
			<posx>95</posx>
			<posy>498</posy>
			<include>Button-Map-Texture-Width</include>
			<height>21</height>
			<texture>button-X-turnedoff.png</texture>
			<animation effect="slide" time="250" start="212,0">WindowOpen</animation>
			<animation effect="slide" time="250" delay="250" end="720,0">WindowClose</animation>
		</control>
		<control type="label">
			<description>Back Label</description>
			<posx>619</posx>
			<posy>479</posy>
			<label>31027</label>
			<align>right</align>
			<font>font12</font>
			<textcolor>TextcolorWhite</textcolor>
			<animation effect="slide" time="250" start="212,0">WindowOpen</animation>
			<animation effect="slide" time="250" delay="250" end="720,0">WindowClose</animation>
		</control>
		<control type="label">
			<description>Select Label</description>
			<posx>634</posx>
			<posy>501</posy>
			<label>31024</label>
			<align>right</align>
			<font>font12</font>
			<textcolor>TextcolorWhite</textcolor>
			<animation effect="slide" time="250" start="212,0">WindowOpen</animation>
			<animation effect="slide" time="250" delay="250" end="720,0">WindowClose</animation>
		</control>
		<control type="label" id="1">
			<description>Movie & General description label</description>
			<posx>94</posx>
			<posy>200</posy>
			<align>left</align>
			<label>10524</label>
			<textcolor>TextcolorBlack</textcolor>
			<shadowcolor>shadow-grey</shadowcolor>
			<font>font14</font>
			<angle>270</angle>
			<animation effect="slide" time="250" start="212,0">WindowOpen</animation>
			<animation effect="slide" time="250" delay="250" end="720,0">WindowClose</animation>
			<visible>!container.content(tvshows) + !container.content(episodes) + !container.content(musicvideos)</visible>
		</control>
		<control type="label" id="1">
			<description>TV Show description label</description>
			<posx>94</posx>
			<posy>200</posy>
			<align>left</align>
			<label>20351</label>
			<textcolor>TextcolorBlack</textcolor>
			<shadowcolor>shadow-grey</shadowcolor>
			<font>font14</font>
			<angle>270</angle>
			<animation effect="slide" time="250" start="212,0">WindowOpen</animation>
			<animation effect="slide" time="250" delay="250" end="720,0">WindowClose</animation>
			<visible>container.content(tvshows)</visible>
		</control>
		<control type="label" id="1">
			<description>Episode description label</description>
			<posx>94</posx>
			<posy>200</posy>
			<align>left</align>
			<label>20352</label>
			<textcolor>TextcolorBlack</textcolor>
			<shadowcolor>shadow-grey</shadowcolor>
			<font>font14</font>
			<angle>270</angle>
			<animation effect="slide" time="250" start="212,0">WindowOpen</animation>
			<animation effect="slide" time="250" delay="250" end="720,0">WindowClose</animation>
			<visible>container.content(episodes)</visible>
		</control>
		<control type="label" id="1">
			<description>Music Video description label</description>
			<posx>94</posx>
			<posy>180</posy>
			<align>left</align>
			<label>20393</label>
			<textcolor>TextcolorBlack</textcolor>
			<shadowcolor>shadow-grey</shadowcolor>
			<font>font14</font>
			<angle>270</angle>
			<animation effect="slide" time="250" start="212,0">WindowOpen</animation>
			<animation effect="slide" time="250" delay="250" end="720,0">WindowClose</animation>
			<visible>container.content(musicvideos)</visible>
		</control>
		<control type="group">
			<animation effect="fade" delay="450" time="200">WindowOpen</animation>
			<animation effect="fade" time="150">WindowClose</animation>
			<control type="fadelabel">
				<description>Video Title value</description>
				<posx>115</posx>
				<posy>40</posy>
				<width>580</width>
				<align>left</align>
				<info>Listitem.Title</info>
				<include>DialogTitle</include>
			</control>
			<control type="group">
				<visible>!container.content(tvshows) + !container.content(episodes) + !container.content(musicvideos)</visible>
				<control type="label">
					<description>Director txt</description>
					<posx>305</posx>
					<posy>90</posy>
					<width>90</width>
					<label>$LOCALIZE[20339]:</label>
					<textcolor>TextcolorBlack</textcolor>
					<shadowcolor>shadow-grey</shadowcolor>
					<font>font12</font>
				</control>
				<control type="label">
					<description>Writing Credits txt</description>
					<posx>305</posx>
					<posy>115</posy>
					<width>90</width>
					<label>$LOCALIZE[20417]:</label>
					<textcolor>TextcolorBlack</textcolor>
					<shadowcolor>shadow-grey</shadowcolor>
					<font>font12</font>
				</control>
				<control type="label">
					<description>Genre txt</description>
					<posx>305</posx>
					<posy>140</posy>
					<width>90</width>
					<label>$LOCALIZE[515]:</label>
					<textcolor>TextcolorBlack</textcolor>
					<shadowcolor>shadow-grey</shadowcolor>
					<font>font12</font>
				</control>
				<control type="label">
					<description>Year</description>
					<posx>305</posx>
					<posy>165</posy>
					<width>90</width>
					<label>$LOCALIZE[562]:</label>
					<textcolor>TextcolorBlack</textcolor>
					<shadowcolor>shadow-grey</shadowcolor>
					<font>font12</font>
				</control>
				<control type="label">
					<description>TagLine txt</description>
					<posx>305</posx>
					<posy>190</posy>
					<width>90</width>
					<label>$LOCALIZE[202]:</label>
					<textcolor>TextcolorBlack</textcolor>
					<shadowcolor>shadow-grey</shadowcolor>
					<font>font12</font>
				</control>
				<control type="label">
					<description>PlotOutline txt</description>
					<posx>305</posx>
					<posy>215</posy>
					<width>90</width>
					<label>$LOCALIZE[203]:</label>
					<textcolor>TextcolorBlack</textcolor>
					<shadowcolor>shadow-grey</shadowcolor>
					<font>font12</font>
				</control>
				<control type="label">
					<description>Rating txt</description>
					<posx>305</posx>
					<posy>240</posy>
					<width>90</width>
					<label>$LOCALIZE[563]:</label>
					<textcolor>TextcolorBlack</textcolor>
					<shadowcolor>shadow-grey</shadowcolor>
					<font>font12</font>
				</control>
				<control type="label">
					<description>Runtime txt</description>
					<posx>305</posx>
					<posy>265</posy>
					<width>90</width>
					<label>$LOCALIZE[2050]:</label>
					<textcolor>TextcolorBlack</textcolor>
					<shadowcolor>shadow-grey</shadowcolor>
					<font>font12</font>
				</control>
				<control type="fadelabel">
					<description>Director value</description>
					<posx>405</posx>
					<posy>90</posy>
					<width>190</width>
					<label>$INFO[ListItem.Director]</label>
					<textcolor>TextcolorBlack</textcolor>
					<shadowcolor>shadow-grey</shadowcolor>
					<font>font12</font>
				</control>
				<control type="fadelabel">
					<description>Writing Credits value</description>
					<posx>405</posx>
					<posy>115</posy>
					<width>280</width>
					<label>$INFO[ListItem.Writer]</label>
					<textcolor>TextcolorBlack</textcolor>
					<shadowcolor>shadow-grey</shadowcolor>
					<font>font12</font>
				</control>
				<control type="fadelabel">
					<description>Genre value</description>
					<posx>405</posx>
					<posy>140</posy>
					<width>280</width>
					<label>$INFO[ListItem.Genre]</label>
					<textcolor>TextcolorBlack</textcolor>
					<shadowcolor>shadow-grey</shadowcolor>
					<font>font12</font>
				</control>
				<control type="fadelabel">
					<description>Year value</description>
					<posx>405</posx>
					<posy>165</posy>
					<width>280</width>
					<label>$INFO[ListItem.Year]</label>
					<textcolor>TextcolorBlack</textcolor>
					<shadowcolor>shadow-grey</shadowcolor>
					<font>font12</font>
				</control>
				<control type="fadelabel">
					<description>TagLine value</description>
					<posx>405</posx>
					<posy>190</posy>
					<width>280</width>
					<label>$INFO[ListItem.Tagline]</label>
					<textcolor>TextcolorBlack</textcolor>
					<shadowcolor>shadow-grey</shadowcolor>
					<font>font12</font>
				</control>
				<control type="fadelabel">
					<description>PlotOutline value</description>
					<posx>405</posx>
					<posy>215</posy>
					<width>280</width>
					<label>$INFO[ListItem.PlotOutline]</label>
					<textcolor>TextcolorBlack</textcolor>
					<shadowcolor>shadow-grey</shadowcolor>
					<font>font12</font>
				</control>
				<control type="fadelabel">
					<description>Rating and votes value</description>
					<posx>405</posx>
					<posy>240</posy>
					<width>280</width>
					<label>$INFO[ListItem.Rating]</label>
					<textcolor>TextcolorBlack</textcolor>
					<shadowcolor>shadow-grey</shadowcolor>
					<font>font12</font>
				</control>
				<control type="fadelabel">
					<description>Runtime value</description>
					<posx>405</posx>
					<posy>265</posy>
					<width>280</width>
					<label>$INFO[ListItem.Duration]</label>
					<textcolor>TextcolorBlack</textcolor>
					<shadowcolor>shadow-grey</shadowcolor>
					<font>font12</font>
				</control>
				<control type="image">
					<description>Video Icon</description>
					<posx>135</posx>
					<posy>90</posy>
					<width>130</width>
					<height>180</height>
					<aspectratio>keep</aspectratio>
					<info>ListItem.Icon</info>
				</control>
			</control>
			<control type="group">
				<visible>container.content(tvshows)</visible>
				<control type="image">
					<description>Video Icon</description>
					<posx>115</posx>
					<posy>85</posy>
					<width>565</width>
					<height>100</height>
					<aspectratio>keep</aspectratio>
					<info>ListItem.Icon</info>
				</control>
				<control type="label">
					<description>First Aired txt</description>
					<posx>115</posx>
					<posy>195</posy>
					<width>90</width>
					<label>$LOCALIZE[20416]:</label>
					<textcolor>TextcolorBlack</textcolor>
					<shadowcolor>shadow-grey</shadowcolor>
					<font>font12</font>
				</control>
				<control type="fadelabel">
					<description>First Aired value</description>
					<posx>215</posx>
					<posy>195</posy>
					<width>465</width>
					<label>$INFO[ListItem.Premiered]</label>
					<textcolor>TextcolorBlack</textcolor>
					<shadowcolor>shadow-grey</shadowcolor>
					<font>font12</font>
				</control>
				<control type="label">
					<description>Episodes txt</description>
					<posx>115</posx>
					<posy>220</posy>
					<width>90</width>
					<label>$LOCALIZE[20360]:</label>
					<textcolor>TextcolorBlack</textcolor>
					<shadowcolor>shadow-grey</shadowcolor>
					<font>font12</font>
				</control>
				<control type="fadelabel">
					<description>Episodes value</description>
					<posx>215</posx>
					<posy>220</posy>
					<width>465</width>
					<label>$INFO[ListItem.episode]</label>
					<textcolor>TextcolorBlack</textcolor>
					<shadowcolor>shadow-grey</shadowcolor>
					<font>font12</font>
				</control>
				<control type="label">
					<description>Genre txt</description>
					<posx>115</posx>
					<posy>245</posy>
					<width>90</width>
					<label>$LOCALIZE[515]:</label>
					<textcolor>TextcolorBlack</textcolor>
					<shadowcolor>shadow-grey</shadowcolor>
					<font>font12</font>
				</control>
				<control type="fadelabel">
					<description>Genre value</description>
					<posx>215</posx>
					<posy>245</posy>
					<width>465</width>
					<label>$INFO[ListItem.Genre]</label>
					<textcolor>TextcolorBlack</textcolor>
					<shadowcolor>shadow-grey</shadowcolor>
					<font>font12</font>
				</control>
			</control>
			<control type="group">
				<visible>container.content(episodes)</visible>
				<control type="image">
					<description>Video Icon</description>
					<posx>115</posx>
					<posy>90</posy>
					<width>170</width>
					<height>180</height>
					<aspectratio>keep</aspectratio>
					<info>ListItem.Icon</info>
				</control>
				<control type="label">
					<description>TV Show txt</description>
					<posx>305</posx>
					<posy>90</posy>
					<width>90</width>
					<label>$LOCALIZE[20364]:</label>
					<textcolor>TextcolorBlack</textcolor>
					<shadowcolor>shadow-grey</shadowcolor>
					<font>font12</font>
				</control>
				<control type="fadelabel">
					<description>TV Show value</description>
					<posx>405</posx>
					<posy>90</posy>
					<width>275</width>
					<label>$INFO[ListItem.tvshowtitle]</label>
					<textcolor>TextcolorBlack</textcolor>
					<shadowcolor>shadow-grey</shadowcolor>
					<font>font12</font>
				</control>
				<control type="label">
					<description>Season txt</description>
					<posx>305</posx>
					<posy>115</posy>
					<width>90</width>
					<label>$LOCALIZE[20373]:</label>
					<textcolor>TextcolorBlack</textcolor>
					<shadowcolor>shadow-grey</shadowcolor>
					<font>font12</font>
				</control>
				<control type="fadelabel">
					<description>Season value</description>
					<posx>405</posx>
					<posy>115</posy>
					<width>275</width>
					<label>$INFO[ListItem.Season]</label>
					<textcolor>TextcolorBlack</textcolor>
					<shadowcolor>shadow-grey</shadowcolor>
					<font>font12</font>
				</control>
				<control type="label">
					<description>Episode txt</description>
					<posx>305</posx>
					<posy>140</posy>
					<width>90</width>
					<label>$LOCALIZE[20359]:</label>
					<textcolor>TextcolorBlack</textcolor>
					<shadowcolor>shadow-grey</shadowcolor>
					<font>font12</font>
				</control>
				<control type="fadelabel">
					<description>Episode value</description>
					<posx>405</posx>
					<posy>140</posy>
					<width>275</width>
					<label>$INFO[ListItem.Episode]</label>
					<textcolor>TextcolorBlack</textcolor>
					<shadowcolor>shadow-grey</shadowcolor>
					<font>font12</font>
				</control>
				<control type="label">
					<description>Director txt</description>
					<posx>305</posx>
					<posy>165</posy>
					<width>90</width>
					<label>$LOCALIZE[20339]:</label>
					<textcolor>TextcolorBlack</textcolor>
					<shadowcolor>shadow-grey</shadowcolor>
					<font>font12</font>
				</control>
				<control type="fadelabel">
					<description>Director value</description>
					<posx>405</posx>
					<posy>165</posy>
					<width>275</width>
					<label>$INFO[ListItem.Director]</label>
					<textcolor>TextcolorBlack</textcolor>
					<shadowcolor>shadow-grey</shadowcolor>
					<font>font12</font>
				</control>
				<control type="label">
					<description>Writer txt</description>
					<posx>305</posx>
					<posy>190</posy>
					<width>90</width>
					<label>$LOCALIZE[20417]:</label>
					<textcolor>TextcolorBlack</textcolor>
					<shadowcolor>shadow-grey</shadowcolor>
					<font>font12</font>
				</control>
				<control type="fadelabel">
					<description>Writer value</description>
					<posx>405</posx>
					<posy>190</posy>
					<width>275</width>
					<label>$INFO[ListItem.Writer]</label>
					<textcolor>TextcolorBlack</textcolor>
					<shadowcolor>shadow-grey</shadowcolor>
					<font>font12</font>
				</control>
				<control type="label">
					<description>Genre txt</description>
					<posx>305</posx>
					<posy>215</posy>
					<width>90</width>
					<label>$LOCALIZE[515]:</label>
					<textcolor>TextcolorBlack</textcolor>
					<shadowcolor>shadow-grey</shadowcolor>
					<font>font12</font>
				</control>
				<control type="fadelabel">
					<description>Genre value</description>
					<posx>405</posx>
					<posy>215</posy>
					<width>275</width>
					<label>$INFO[ListItem.Genre]</label>
					<textcolor>TextcolorBlack</textcolor>
					<shadowcolor>shadow-grey</shadowcolor>
					<font>font12</font>
				</control>
				<control type="label">
					<description>Year txt</description>
					<posx>305</posx>
					<posy>240</posy>
					<width>90</width>
					<label>$LOCALIZE[20416]:</label>
					<textcolor>TextcolorBlack</textcolor>
					<shadowcolor>shadow-grey</shadowcolor>
					<font>font12</font>
				</control>
				<control type="fadelabel">
					<description>Year value</description>
					<posx>405</posx>
					<posy>240</posy>
					<width>275</width>
					<label>$INFO[ListItem.Premiered]</label>
					<textcolor>TextcolorBlack</textcolor>
					<shadowcolor>shadow-grey</shadowcolor>
					<font>font12</font>
				</control>
			</control>
			<control type="group">
				<visible>container.content(musicvideos)</visible>
				<control type="image">
					<description>Video Icon</description>
					<posx>115</posx>
					<posy>90</posy>
					<width>170</width>
					<height>180</height>
					<aspectratio>keep</aspectratio>
					<info>ListItem.Icon</info>
				</control>
				<control type="label">
					<description>Artist txt</description>
					<posx>305</posx>
					<posy>90</posy>
					<width>90</width>
					<label>$LOCALIZE[557]:</label>
					<textcolor>TextcolorBlack</textcolor>
					<shadowcolor>shadow-grey</shadowcolor>
					<font>font12</font>
				</control>
				<control type="fadelabel">
					<description>Artist value</description>
					<posx>405</posx>
					<posy>90</posy>
					<width>275</width>
					<label>$INFO[ListItem.Artist]</label>
					<textcolor>TextcolorBlack</textcolor>
					<shadowcolor>shadow-grey</shadowcolor>
					<font>font12</font>
				</control>
				<control type="label">
					<description>Album txt</description>
					<posx>305</posx>
					<posy>115</posy>
					<width>90</width>
					<label>$LOCALIZE[558]:</label>
					<textcolor>TextcolorBlack</textcolor>
					<shadowcolor>shadow-grey</shadowcolor>
					<font>font12</font>
				</control>
				<control type="fadelabel">
					<description>Album value</description>
					<posx>405</posx>
					<posy>115</posy>
					<width>275</width>
					<label>$INFO[ListItem.Album]</label>
					<textcolor>TextcolorBlack</textcolor>
					<shadowcolor>shadow-grey</shadowcolor>
					<font>font12</font>
				</control>
				<control type="label">
					<description>Genre txt</description>
					<posx>305</posx>
					<posy>140</posy>
					<width>90</width>
					<label>$LOCALIZE[515]:</label>
					<textcolor>TextcolorBlack</textcolor>
					<shadowcolor>shadow-grey</shadowcolor>
					<font>font12</font>
				</control>
				<control type="fadelabel">
					<description>Genre value</description>
					<posx>405</posx>
					<posy>140</posy>
					<width>275</width>
					<label>$INFO[ListItem.Genre]</label>
					<textcolor>TextcolorBlack</textcolor>
					<shadowcolor>shadow-grey</shadowcolor>
					<font>font12</font>
				</control>
				<control type="label">
					<description>Year txt</description>
					<posx>305</posx>
					<posy>165</posy>
					<width>90</width>
					<label>$LOCALIZE[562]:</label>
					<textcolor>TextcolorBlack</textcolor>
					<shadowcolor>shadow-grey</shadowcolor>
					<font>font12</font>
				</control>
				<control type="fadelabel">
					<description>Year value</description>
					<posx>405</posx>
					<posy>165</posy>
					<width>275</width>
					<label>$INFO[ListItem.Year]</label>
					<textcolor>TextcolorBlack</textcolor>
					<shadowcolor>shadow-grey</shadowcolor>
					<font>font12</font>
				</control>
				<control type="label">
					<description>Director txt</description>
					<posx>305</posx>
					<posy>190</posy>
					<width>90</width>
					<label>$LOCALIZE[20339]:</label>
					<textcolor>TextcolorBlack</textcolor>
					<shadowcolor>shadow-grey</shadowcolor>
					<font>font12</font>
				</control>
				<control type="fadelabel">
					<description>Director value</description>
					<posx>405</posx>
					<posy>190</posy>
					<width>275</width>
					<label>$INFO[ListItem.Director]</label>
					<textcolor>TextcolorBlack</textcolor>
					<shadowcolor>shadow-grey</shadowcolor>
					<font>font12</font>
				</control>
				<control type="label">
					<description>Studio txt</description>
					<posx>305</posx>
					<posy>215</posy>
					<width>90</width>
					<label>$LOCALIZE[572]:</label>
					<textcolor>TextcolorBlack</textcolor>
					<shadowcolor>shadow-grey</shadowcolor>
					<font>font12</font>
				</control>
				<control type="fadelabel">
					<description>Studio value</description>
					<posx>405</posx>
					<posy>215</posy>
					<width>275</width>
					<label>$INFO[ListItem.Studio]</label>
					<textcolor>TextcolorBlack</textcolor>
					<shadowcolor>shadow-grey</shadowcolor>
					<font>font12</font>
				</control>
			</control>
			<control type="label">
				<description>Synopsis txt</description>
				<posx>305</posx>
				<posy>290</posy>
				<width>90</width>
				<label>31178</label>
				<textcolor>TextcolorBlack</textcolor>
				<shadowcolor>shadow-grey</shadowcolor>
				<font>font12</font>
				<visible>Control.IsVisible(4) + !ControlIsVisible(50)</visible>
			</control>
			<control type="label">
				<description>Cast txt</description>
				<posx>305</posx>
				<posy>290</posy>
				<width>90</width>
				<label>31179</label>
				<textcolor>TextcolorBlack</textcolor>
				<shadowcolor>shadow-grey</shadowcolor>
				<font>font12</font>
				<visible>Control.IsVisible(50) + !ControlIsVisible(4)</visible>
			</control>
			<control type="textbox" id="4">
				<description>textarea</description>
				<posx>308</posx>
				<posy>315</posy>
				<width>380</width>
				<height>150</height>
				<spinwidth>18</spinwidth>
				<spinheight>16</spinheight>
				<spinposx>125</spinposx>
				<spinposy>-25</spinposy>
				<spincolor>FF000000</spincolor>
				<spinfont>font12</spinfont>
				<textureup>sortup-nofocus.png</textureup>
				<texturedown>sortdown-nofocus.png</texturedown>
				<textureupfocus>sortup-focus.png</textureupfocus>
				<texturedownfocus>sortdown-focus.png</texturedownfocus>
				<textcolor>TextcolorBlack</textcolor>
				<align>justify</align>
				<onleft>5</onleft>
				<onright>50</onright>
				<onup>5</onup>
				<ondown>5</ondown>
				<shadowcolor>shadow-grey</shadowcolor>
				<font>font12</font>
			</control>
			<control type="list" id="50">
				<posx>305</posx>
				<posy>285</posy>
				<width>390</width>
				<height>180</height>
				<onleft>5</onleft>
				<onright>4</onright>
				<onup>50</onup>
				<ondown>50</ondown>
				<viewtype label="535">list</viewtype>
				<scrolltime>200</scrolltime>
				<pagecontrol>60</pagecontrol>
				<itemlayout height="30">
					<control type="image">
						<width>390</width>
						<height>30</height>
						<posx>0</posx>
						<posy>1</posy>
						<texture>iconlist-nofocus.png</texture>
					</control>
					<control type="image">
						<posx>5</posx>
						<posy>5</posy>
						<width>22</width>
						<height>22</height>
						<info>ListItem.thumb</info>
					</control>
					<control type="label">
						<posx>30</posx>
						<posy>4</posy>
						<width>340</width>
						<height>22</height>
						<font>font13</font>
						<align>left</align>
						<aligny>center</aligny>
						<textcolor>TextcolorBlack</textcolor>
						<selectedcolor>listselectedcolor</selectedcolor>
						<info>ListItem.Label</info>
					</control>
					<control type="label">
						<posx>380</posx>
						<posy>4</posy>
						<width>300</width>
						<height>22</height>
						<font>font12</font>
						<align>right</align>
						<aligny>center</aligny>
						<textcolor>TextcolorBlack</textcolor>
						<selectedcolor>listselectedcolor</selectedcolor>
						<info>ListItem.Label2</info>
					</control>
				</itemlayout>
				<focusedlayout height="30">
					<control type="image">
						<width>390</width>
						<height>30</height>
						<posx>0</posx>
						<posy>1</posy>
						<texture>iconlist-focus.png</texture>
						<visible>Control.HasFocus(50)</visible>
					</control>
					<control type="image">
						<width>390</width>
						<height>30</height>
						<posx>0</posx>
						<posy>1</posy>
						<texture>iconlist-nofocus.png</texture>
						<visible>!Control.HasFocus(50)</visible>
					</control>
					<control type="image">
						<posx>5</posx>
						<posy>5</posy>
						<width>22</width>
						<height>22</height>
						<info>ListItem.thumb</info>
					</control>
					<control type="label">
						<posx>30</posx>
						<posy>4</posy>
						<width>340</width>
						<height>22</height>
						<font>font13</font>
						<align>left</align>
						<aligny>center</aligny>
						<textcolor>TextcolorBlack</textcolor>
						<selectedcolor>listselectedcolor</selectedcolor>
						<info>ListItem.Label</info>
					</control>
					<control type="label">
						<posx>380</posx>
						<posy>4</posy>
						<width>300</width>
						<height>22</height>
						<font>font12</font>
						<align>right</align>
						<aligny>center</aligny>
						<textcolor>TextcolorBlack</textcolor>
						<selectedcolor>listselectedcolor</selectedcolor>
						<info>ListItem.Label2</info>
					</control>
				</focusedlayout>
			</control>
			<control type="image">
				<description>Divider image</description>
				<posx>115</posx>
				<posy>280</posy>
				<width>170</width>
				<height>1</height>
				<texture>divider.png</texture>
			</control>
			<control type="image">
				<description>Divider image</description>
				<posx>115</posx>
				<posy>317</posy>
				<width>170</width>
				<height>1</height>
				<texture>divider.png</texture>
			</control>
			<control type="image">
				<description>Divider image</description>
				<posx>115</posx>
				<posy>354</posy>
				<width>170</width>
				<height>1</height>
				<texture>divider.png</texture>
			</control>
			<control type="image">
				<description>Divider image</description>
				<posx>115</posx>
				<posy>391</posy>
				<width>170</width>
				<height>1</height>
				<texture>divider.png</texture>
			</control>
			<control type="image">
				<description>Divider image</description>
				<posx>115</posx>
				<posy>428</posy>
				<width>170</width>
				<height>1</height>
				<texture>divider.png</texture>
			</control>
			<control type="button" id="5">
				<description>Tracks/Review</description>
				<posx>105</posx>
				<posy>270</posy>
				<width>195</width>
				<height>60</height>
				<label>182</label>
				<texturefocus>guide-button-focus.png</texturefocus>
				<texturenofocus>-</texturenofocus>
				<onleft>50</onleft>
				<onright>4</onright>
				<onup>11</onup>
				<ondown>6</ondown>
				<font>font13</font>
				<animation effect="zoom" start="98" end="100" center="auto" time="175" reversible="false">focus</animation>
			</control>
			<control type="button" id="6">
				<description>Refresh</description>
				<posx>105</posx>
				<posy>307</posy>
				<width>195</width>
				<height>60</height>
				<label>184</label>
				<font>font13</font>
				<texturefocus>guide-button-focus.png</texturefocus>
				<texturenofocus>-</texturenofocus>
				<onleft>4</onleft>
				<onright>4</onright>
				<onup>5</onup>
				<ondown>10</ondown>
				<animation effect="zoom" start="98" end="100" center="auto" time="175" reversible="false">focus</animation>
			</control>
			<control type="button" id="10">
				<description>Get Thumb</description>
				<posx>105</posx>
				<posy>344</posy>
				<width>195</width>
				<height>60</height>
				<label>13405</label>
				<font>font13</font>
				<texturefocus>guide-button-focus.png</texturefocus>
				<texturenofocus>-</texturenofocus>
				<onleft>4</onleft>
				<onright>4</onright>
				<onup>6</onup>
				<ondown>11</ondown>
				<animation effect="zoom" start="98" end="100" center="auto" time="175" reversible="false">focus</animation>
			</control>
			<control type="button" id="11">
				<description>Trailer</description>
				<posx>105</posx>
				<posy>381</posy>
				<width>195</width>
				<height>60</height>
				<label>20410</label>
				<font>font13</font>
				<texturefocus>guide-button-focus.png</texturefocus>
				<texturenofocus>-</texturenofocus>
				<onleft>4</onleft>
				<onright>4</onright>
				<onup>10</onup>
				<ondown>5</ondown>
				<enable>!IsEmpty(ListItem.Trailer)</enable>
				<animation effect="zoom" start="98" end="100" center="auto" time="175" reversible="false">focus</animation>
			</control>
		</control>
	</controls>
</window>