﻿<window id="128">
	<defaultcontrol always="true">10</defaultcontrol>
	<controls>
		<control type="image">
			<posx>0</posx>
			<posy>0</posy>
			<width>720</width>
			<height>576</height>
			<texture>guide-black.png</texture>
			<colordiffuse>DDFFFFFF</colordiffuse>
			<visible>!Window.IsActive(126)</visible>
			<animation effect="fade" time="50">WindowOpen</animation>
			<animation effect="fade" delay="450" time="100">WindowClose</animation>
		</control>
		<control type="image">
			<description>Guide Blade Background</description>
			<posx>-159</posx>
			<posy>0</posy>
			<width>548</width>
			<height>576</height>
			<texture>background-grey.png</texture>
			<visible>!Skin.String(GuidePanel)</visible>
			<visible>!Window.IsActive(103)</visible>
		</control>
		<control type="image">
			<description>Custom Guide Blade Background</description>
			<posx>-159</posx>
			<posy>0</posy>
			<width>548</width>
			<height>576</height>
			<texture>-</texture>
			<info>Skin.String(GuidePanel)</info>
			<aspectratio>scale</aspectratio>
			<visible>!Window.IsActive(103)</visible>
		</control>
		<control type="image">
			<description>Guide Blade Overlay</description>
			<posx>0</posx>
			<posy>0</posy>
			<width>318</width>
			<height>576</height>
			<texture>guide-blade-overlay-tile.png</texture>
			<visible>!Window.IsActive(103)</visible>
		</control>
		<control type="image">
			<description>Guide Edge Overlay</description>
			<posx>318</posx>
			<posy>0</posy>
			<width>100</width>
			<height>576</height>
			<texture>guide-blade-overlay-edge-left.png</texture>
			<visible>!Window.IsActive(103)</visible>
		</control>
		<control type="label">
			<description>GamerTag Label</description>
			<posx>376</posx>
			<posy>200</posy>
			<angle>270</angle>
			<label>time</label>
			<include>GamerName</include>
			<textcolor>TextcolorBlack</textcolor>
			<shadowcolor>shadow-grey</shadowcolor>
			<font>font14</font>
		</control>
		<control type="fadelabel" id="2">
			<description>Dialog Title value</description>
			<posx>25</posx>
			<posy>40</posy>
			<width>580</width>
			<align>left</align>
			<include>DialogTitle</include>
			<label>1007</label>
			<visible>![Window.IsActive(playercontrols)]</visible>
			<animation effect="fade" time="100">Hidden</animation>
			<animation effect="fade" delay="450" time="200">Visible</animation>
			<animation effect="fade" delay="450" time="200">WindowOpen</animation>
			<animation effect="fade" time="150">WindowClose</animation>
		</control>
		<control type="spincontrolex" id="10">
			<description>Protocol SpinControl</description>
			<posx>25</posx>
			<posy>135</posy>
			<height>32</height>
			<width>315</width>
			<texturefocus>iconlist-focus.png</texturefocus>
			<texturenofocus>iconlist-nofocus.png</texturenofocus>
			<textcolor>TextcolorBlack</textcolor>
			<shadowcolor>shadow-grey</shadowcolor>
			<font>font12</font>
			<disabledcolor>TextcolorDisabled2</disabledcolor>
			<textoffsetx>7</textoffsetx>
			<aligny>center</aligny>
			<reverse>yes</reverse>
			<label>1008</label>
			<onup>10</onup>
			<ondown>11</ondown>
			<onleft>10</onleft>
			<onright>10</onright>
			<visible>![Window.IsActive(playercontrols)]</visible>
			<animation effect="fade" time="100">Hidden</animation>
			<animation effect="fade" delay="450" time="200">Visible</animation>
			<animation effect="fade" delay="450" time="200">WindowOpen</animation>
			<animation effect="fade" time="150">WindowClose</animation>
		</control>
		<control type="button" id="11">
			<description>Server Address Button</description>
			<posx>25</posx>
			<posy>170</posy>
			<width>235</width>
			<height>32</height>
			<textcolor>TextcolorBlack</textcolor>
			<shadowcolor>shadow-grey</shadowcolor>
			<font>font12</font>
			<textoffsetx>12</textoffsetx>
			<aligny>center</aligny>
			<texturefocus>iconlist-focus.png</texturefocus>
			<texturenofocus>iconlist-nofocus.png</texturenofocus>
			<label>-</label>
			<onup>10</onup>
			<onleft>12</onleft>
			<onright>12</onright>
			<ondown>16</ondown>
			<visible>![Window.IsActive(playercontrols)]</visible>
			<animation effect="fade" time="100">Hidden</animation>
			<animation effect="fade" delay="450" time="200">Visible</animation>
			<animation effect="fade" delay="450" time="200">WindowOpen</animation>
			<animation effect="fade" time="150">WindowClose</animation>
		</control>
		<control type="image">
			<description>top line</description>
			<posx>267</posx>
			<posy>170</posy>
			<width>70</width>
			<height>1</height>
			<texture>divider.png</texture>
			<visible>![Window.IsActive(playercontrols)]</visible>
			<animation effect="fade" time="100">Hidden</animation>
			<animation effect="fade" delay="450" time="200">Visible</animation>
			<animation effect="fade" delay="450" time="200">WindowOpen</animation>
			<animation effect="fade" time="200">WindowClose</animation>
		</control>
		<control type="button" id="12">
			<description>Server Browse Button</description>
			<posx>263</posx>
			<posy>170</posy>
			<width>77</width>
			<height>32</height>
			<textcolor>TextcolorBlack</textcolor>
			<shadowcolor>shadow-grey</shadowcolor>
			<font>font12</font>
			<textoffsetx>12</textoffsetx>
			<label>1024</label>
			<align>center</align>
			<aligny>center</aligny>
			<texturenofocus>button-nofocus-context.png</texturenofocus>
			<texturefocus>button-focus-context.png</texturefocus>
			<onup>10</onup>
			<onleft>11</onleft>
			<onright>11</onright>
			<ondown>16</ondown>
			<visible>![Window.IsActive(playercontrols)]</visible>
			<animation effect="fade" time="100">Hidden</animation>
			<animation effect="fade" delay="450" time="200">Visible</animation>
			<animation effect="fade" delay="450" time="200">WindowOpen</animation>
			<animation effect="fade" time="150">WindowClose</animation>
		</control>
		<control type="button" id="16">
			<description>Remote path Button</description>
			<posx>25</posx>
			<posy>205</posy>
			<width>315</width>
			<height>32</height>
			<textcolor>TextcolorBlack</textcolor>
			<shadowcolor>shadow-grey</shadowcolor>
			<font>font12</font>
			<textoffsetx>12</textoffsetx>
			<aligny>center</aligny>
			<texturefocus>iconlist-focus.png</texturefocus>
			<texturenofocus>iconlist-nofocus.png</texturenofocus>
			<label>-</label>
			<onup>11</onup>
			<onleft>16</onleft>
			<onright>16</onright>
			<ondown>13</ondown>
			<visible>![Window.IsActive(playercontrols)]</visible>
			<animation effect="fade" time="100">Hidden</animation>
			<animation effect="fade" delay="450" time="200">Visible</animation>
			<animation effect="fade" delay="450" time="200">WindowOpen</animation>
			<animation effect="fade" time="150">WindowClose</animation>
		</control>
		<control type="button" id="13">
			<description>Port Button</description>
			<posx>25</posx>
			<posy>240</posy>
			<width>315</width>
			<height>32</height>
			<textcolor>TextcolorBlack</textcolor>
			<shadowcolor>shadow-grey</shadowcolor>
			<font>font12</font>
			<textoffsetx>12</textoffsetx>
			<aligny>center</aligny>
			<texturefocus>iconlist-focus.png</texturefocus>
			<texturenofocus>iconlist-nofocus.png</texturenofocus>
			<label>1013</label>
			<onup>16</onup>
			<onleft>13</onleft>
			<onright>13</onright>
			<ondown>14</ondown>
			<visible>![Window.IsActive(playercontrols)]</visible>
			<animation effect="fade" time="100">Hidden</animation>
			<animation effect="fade" delay="450" time="200">Visible</animation>
			<animation effect="fade" delay="450" time="200">WindowOpen</animation>
			<animation effect="fade" time="150">WindowClose</animation>
		</control>
		<control type="button" id="14">
			<description>Username Button</description>
			<posx>25</posx>
			<posy>275</posy>
			<width>315</width>
			<height>32</height>
			<textcolor>TextcolorBlack</textcolor>
			<shadowcolor>shadow-grey</shadowcolor>
			<font>font12</font>
			<textoffsetx>12</textoffsetx>
			<aligny>center</aligny>
			<texturefocus>iconlist-focus.png</texturefocus>
			<texturenofocus>iconlist-nofocus.png</texturenofocus>
			<label>1014</label>
			<onup>13</onup>
			<onleft>14</onleft>
			<onright>14</onright>
			<ondown>15</ondown>
			<visible>![Window.IsActive(playercontrols)]</visible>
			<animation effect="fade" time="100">Hidden</animation>
			<animation effect="fade" delay="450" time="200">Visible</animation>
			<animation effect="fade" delay="450" time="200">WindowOpen</animation>
			<animation effect="fade" time="150">WindowClose</animation>
		</control>
		<control type="button" id="15">
			<description>Password Button</description>
			<posx>25</posx>
			<posy>310</posy>
			<width>315</width>
			<height>32</height>
			<textcolor>TextcolorBlack</textcolor>
			<shadowcolor>shadow-grey</shadowcolor>
			<font>font12</font>
			<textoffsetx>12</textoffsetx>
			<aligny>center</aligny>
			<texturefocus>iconlist-focus.png</texturefocus>
			<texturenofocus>iconlist-nofocus.png</texturenofocus>
			<label>15052</label>
			<onup>14</onup>
			<onleft>15</onleft>
			<onright>15</onright>
			<ondown>18</ondown>
			<visible>![Window.IsActive(playercontrols)]</visible>
			<animation effect="fade" time="100">Hidden</animation>
			<animation effect="fade" delay="450" time="200">Visible</animation>
			<animation effect="fade" delay="450" time="200">WindowOpen</animation>
			<animation effect="fade" time="150">WindowClose</animation>
		</control>
		<control type="image">
			<description>Divider</description>
			<posx>25</posx>
			<posy>373</posy>
			<width>300</width>
			<height>1</height>
			<texture>divider.png</texture>
			<visible>![Window.IsActive(playercontrols)]</visible>
			<animation effect="fade" time="100">Hidden</animation>
			<animation effect="fade" delay="450" time="200">Visible</animation>
			<animation effect="fade" delay="450" time="200">WindowOpen</animation>
			<animation effect="fade" time="200">WindowClose</animation>
		</control>
		<control type="image">
			<description>Divider</description>
			<posx>25</posx>
			<posy>410</posy>
			<width>300</width>
			<height>1</height>
			<texture>divider.png</texture>
			<visible>![Window.IsActive(playercontrols)]</visible>
			<animation effect="fade" time="100">Hidden</animation>
			<animation effect="fade" delay="450" time="200">Visible</animation>
			<animation effect="fade" delay="450" time="200">WindowOpen</animation>
			<animation effect="fade" time="200">WindowClose</animation>
		</control>
		<control type="image">
			<description>Divider</description>
			<posx>25</posx>
			<posy>447</posy>
			<width>300</width>
			<height>1</height>
			<texture>divider.png</texture>
			<visible>![Window.IsActive(playercontrols)]</visible>
			<animation effect="fade" time="100">Hidden</animation>
			<animation effect="fade" delay="450" time="200">Visible</animation>
			<animation effect="fade" delay="450" time="200">WindowOpen</animation>
			<animation effect="fade" time="200">WindowClose</animation>
		</control>
		<control type="group">
			<control type="button" id="18">
				<description>OK button</description>
				<posx>-5</posx>
				<posy>363</posy>
				<width>350</width>
				<height>59</height>
				<texturefocus>guide-button-focus.png</texturefocus>
				<texturenofocus>-</texturenofocus>
				<label>186</label>
				<font>font14</font>
				<onleft>18</onleft>
				<onright>18</onright>
				<onup>15</onup>
				<ondown>19</ondown>
				<textoffsetx>40</textoffsetx>
				<textcolor>TextcolorBlack</textcolor>
				<shadowcolor>shadow-grey</shadowcolor>
				<visible>![Window.IsActive(playercontrols)]</visible>
				<animation effect="fade" time="100">Hidden</animation>
				<animation effect="fade" delay="450" time="200">Visible</animation>
				<animation effect="fade" delay="450" time="200">WindowOpen</animation>
				<animation effect="fade" time="200">WindowClose</animation>
				<animation effect="zoom" start="95" end="100" center="175,393" time="300" reversible="false">focus</animation>
			</control>
			<control type="button" id="19">
				<description>Cancel button</description>
				<posx>-5</posx>
				<posy>400</posy>
				<width>350</width>
				<height>59</height>
				<texturefocus>guide-button-focus.png</texturefocus>
				<texturenofocus>-</texturenofocus>
				<font>font14</font>
				<label>222</label>
				<onleft>19</onleft>
				<onright>19</onright>
				<onup>18</onup>
				<ondown>19</ondown>
				<textoffsetx>40</textoffsetx>
				<textcolor>TextcolorBlack</textcolor>
				<shadowcolor>shadow-grey</shadowcolor>
				<visible>![Window.IsActive(playercontrols)]</visible>
				<animation effect="fade" time="100">Hidden</animation>
				<animation effect="fade" delay="450" time="200">Visible</animation>
				<animation effect="fade" delay="450" time="200">WindowOpen</animation>
				<animation effect="fade" time="200">WindowClose</animation>
				<animation effect="zoom" start="95" end="100" center="175,430" time="300" reversible="false">focus</animation>
			</control>
			<control type="image">
				<description>Back Button</description>
				<posx>315</posx>
				<posy>475</posy>
				<include>Button-Map-Texture-Width</include>
				<height>21</height>
				<texture>button-Back.png</texture>
				<visible>![Window.IsActive(playercontrols)]</visible>
				<animation effect="fade" time="100">Hidden</animation>
				<animation effect="fade" delay="450" time="200">Visible</animation>
				<animation effect="fade" delay="450" time="200">WindowOpen</animation>
				<animation effect="fade" time="150">WindowClose</animation>
			</control>
			<control type="image">
				<description>A Button</description>
				<posx>330</posx>
				<posy>498</posy>
				<include>Button-Map-Texture-Width</include>
				<height>21</height>
				<texture>button-A.png</texture>
				<visible>![Window.IsActive(playercontrols)]</visible>
				<animation effect="fade" time="100">Hidden</animation>
				<animation effect="fade" delay="450" time="200">Visible</animation>
				<animation effect="fade" delay="450" time="200">WindowOpen</animation>
				<animation effect="fade" time="150">WindowClose</animation>
			</control>
			<control type="image">
				<description>Y Button</description>
				<posx>45</posx>
				<posy>475</posy>
				<include>Button-Map-Texture-Width</include>
				<height>21</height>
				<texture>button-Y-turnedoff.png</texture>
				<visible>![Window.IsActive(playercontrols)]</visible>
				<animation effect="fade" time="100">Hidden</animation>
				<animation effect="fade" delay="450" time="200">Visible</animation>
				<animation effect="fade" delay="450" time="200">WindowOpen</animation>
				<animation effect="fade" time="150">WindowClose</animation>
			</control>
			<control type="image">
				<description>X Button</description>
				<posx>30</posx>
				<posy>498</posy>
				<include>Button-Map-Texture-Width</include>
				<height>21</height>
				<texture>button-X-turnedoff.png</texture>
				<visible>![Window.IsActive(playercontrols)]</visible>
				<animation effect="fade" time="100">Hidden</animation>
				<animation effect="fade" delay="450" time="200">Visible</animation>
				<animation effect="fade" delay="450" time="200">WindowOpen</animation>
				<animation effect="fade" time="150">WindowClose</animation>
			</control>
			<control type="label">
				<description>Back Label</description>
				<posx>309</posx>
				<posy>479</posy>
				<label>31027</label>
				<align>right</align>
				<font>font12</font>
				<visible>![Window.IsActive(playercontrols)]</visible>
				<animation effect="fade" time="100">Hidden</animation>
				<animation effect="fade" delay="450" time="200">Visible</animation>
				<animation effect="fade" delay="450" time="200">WindowOpen</animation>
				<animation effect="fade" time="150">WindowClose</animation>
			</control>
			<control type="label">
				<description>Select Label</description>
				<posx>321</posx>
				<posy>502</posy>
				<label>31024</label>
				<align>right</align>
				<font>font12</font>
				<visible>![Window.IsActive(playercontrols)]</visible>
				<animation effect="fade" time="100">Hidden</animation>
				<animation effect="fade" delay="450" time="200">Visible</animation>
				<animation effect="fade" delay="450" time="200">WindowOpen</animation>
				<animation effect="fade" time="150">WindowClose</animation>
			</control>
		</control>
	</controls>
</window>