<window id="129">
	<defaultcontrol always="true">10</defaultcontrol>
	<controls>
		<control type="image">
			<posx>0</posx>
			<posy>0</posy>
			<width>720</width>
			<height>576</height>
			<texture>guide-black.png</texture>
			<colordiffuse>DDFFFFFF</colordiffuse>
			<animation effect="fade" time="50">WindowOpen</animation>
			<animation effect="fade" delay="450" time="100">WindowClose</animation>
			<visible>![Window.IsActive(126) + Window.IsActive(NetworkSettings)]</visible>
		</control>
		<control type="group">
			<visible>[Window.IsActive(126) + Window.IsActive(NetworkSettings)]</visible>
			<animation effect="fade" time="50" delay="450">visible</animation>
			<control type="group">
				<animation effect="slide" time="250" start="-72,0">WindowOpen</animation>
				<animation effect="slide" time="250" delay="250" end="-72,0">WindowClose</animation>
				<control type="image">
					<description>Guide Blade Background</description>
					<posx>-60</posx>
					<posy>0</posy>
					<width>521</width>
					<height>576</height>
					<texture>background-grey.png</texture>
					<visible>!Skin.String(GuidePanel)</visible>
				</control>
				<control type="image">
					<description>Custom Guide Blade Background</description>
					<posx>-87</posx>
					<posy>0</posy>
					<width>548</width>
					<height>576</height>
					<texture>-</texture>
					<info>Skin.String(GuidePanel)</info>
					<aspectratio>scale</aspectratio>
				</control>
				<control type="image">
					<description>Guide Blade Overlay</description>
					<posx>0</posx>
					<posy>0</posy>
					<width>390</width>
					<height>576</height>
					<texture>guide-blade-overlay-tile.png</texture>
				</control>
				<control type="image">
					<description>Guide Edge Overlay</description>
					<posx>390</posx>
					<posy>0</posy>
					<width>100</width>
					<height>576</height>
					<texture>guide-blade-overlay-edge-left.png</texture>
				</control>
				<control type="label">
					<description>GamerTag Label</description>
					<posx>448</posx>
					<posy>200</posy>
					<angle>270</angle>
					<include>GamerName</include>
					<textcolor>TextcolorBlack</textcolor>
					<shadowcolor>shadow-grey</shadowcolor>
					<font>font14</font>
				</control>
				<control type="image">
					<description>Back Button</description>
					<posx>387</posx>
					<posy>475</posy>
					<include>Button-Map-Texture-Width</include>
					<height>21</height>
					<texture>button-Back.png</texture>
				</control>
				<control type="image">
					<description>A Button</description>
					<posx>402</posx>
					<posy>498</posy>
					<include>Button-Map-Texture-Width</include>
					<height>21</height>
					<texture>button-A.png</texture>
				</control>
				<control type="label">
					<description>Back Label</description>
					<posx>381</posx>
					<posy>479</posy>
					<label>31027</label>
					<font>font12</font>
					<align>right</align>
				</control>
				<control type="label">
					<description>Select Label</description>
					<posx>393</posx>
					<posy>502</posy>
					<label>31024</label>
					<font>font12</font>
					<align>right</align>
				</control>
			</control>
			<control type="group">
				<control type="label" id="2">
					<description>Dialog Title</description>
					<posx>25</posx>
					<posy>40</posy>
					<width>580</width>
					<align>left</align>
					<include>DialogTitle</include>
					<label>-</label>
					<animation effect="fade" time="100">Hidden</animation>
					<animation effect="fade" delay="450" time="200">Visible</animation>
				</control>
				<control type="image">
					<description>Y Button</description>
					<posx>45</posx>
					<posy>475</posy>
					<include>Button-Map-Texture-Width</include>
					<height>21</height>
					<texture>button-Y-turnedoff.png</texture>
				</control>
				<control type="image">
					<description>X Button</description>
					<posx>30</posx>
					<posy>498</posy>
					<include>Button-Map-Texture-Width</include>
					<height>21</height>
					<texture>button-X-turnedoff.png</texture>
				</control>
			</control>
		</control>
		<control type="image">
			<description>Guide Blade Background</description>
			<posx>-60</posx>
			<posy>0</posy>
			<width>521</width>
			<height>576</height>
			<texture>background-grey.png</texture>
			<visible>!Skin.String(GuidePanel)</visible>
			<visible>![Window.IsActive(128) | Window.IsActive(126) | Window.IsActive(103)]</visible>
			<animation effect="fade" time="50" delay="450">visible</animation>
			<animation effect="slide" time="250" start="-587,0">WindowOpen</animation>
			<animation effect="slide" time="250" delay="250" end="-587,0">WindowClose</animation>
		</control>
		<control type="image">
			<description>Custom Guide Blade Background</description>
			<posx>-87</posx>
			<posy>0</posy>
			<width>548</width>
			<height>576</height>
			<texture>-</texture>
			<info>Skin.String(GuidePanel)</info>
			<aspectratio>scale</aspectratio>
			<visible>![Window.IsActive(128) | Window.IsActive(126) | Window.IsActive(103)]</visible>
			<animation effect="fade" time="50" delay="450">visible</animation>
			<animation effect="slide" time="250" start="-587,0">WindowOpen</animation>
			<animation effect="slide" time="250" delay="250" end="-587,0">WindowClose</animation>
		</control>
		<control type="image">
			<description>Guide Blade Overlay</description>
			<posx>0</posx>
			<posy>0</posy>
			<width>390</width>
			<height>576</height>
			<texture>guide-blade-overlay-tile.png</texture>
			<visible>![Window.IsActive(128) | Window.IsActive(126) | Window.IsActive(103)]</visible>
			<animation effect="fade" time="50" delay="450">visible</animation>
			<animation effect="slide" time="250" start="-587,0">WindowOpen</animation>
			<animation effect="slide" time="250" delay="250" end="-587,0">WindowClose</animation>
		</control>
		<control type="image">
			<description>Guide Edge Overlay</description>
			<posx>390</posx>
			<posy>0</posy>
			<width>100</width>
			<height>576</height>
			<texture>guide-blade-overlay-edge-left.png</texture>
			<visible>![Window.IsActive(128) | Window.IsActive(126) | Window.IsActive(103)]</visible>
			<animation effect="fade" time="50" delay="450">visible</animation>
			<animation effect="slide" time="250" start="-587,0">WindowOpen</animation>
			<animation effect="slide" time="250" delay="250" end="-587,0">WindowClose</animation>
		</control>
		<control type="label">
			<description>GamerTag Label</description>
			<posx>448</posx>
			<posy>200</posy>
			<angle>270</angle>
			<include>GamerName</include>
			<textcolor>TextcolorBlack</textcolor>
			<shadowcolor>shadow-grey</shadowcolor>
			<font>font14</font>
			<visible>![Window.IsActive(128) | Window.IsActive(126) | Window.IsActive(103)]</visible>
			<animation effect="fade" time="50" delay="450">visible</animation>
			<animation effect="slide" time="250" start="-587,0">WindowOpen</animation>
			<animation effect="slide" time="250" delay="250" end="-587,0">WindowClose</animation>
		</control>
		<control type="label" id="2">
			<description>Dialog Title</description>
			<posx>25</posx>
			<posy>40</posy>
			<width>580</width>
			<align>left</align>
			<include>DialogTitle</include>
			<label>-</label>
			<visible>![Window.IsActive(128) | Window.IsActive(126) | Window.IsActive(103)]</visible>
			<animation effect="fade" time="100">Hidden</animation>
			<animation effect="fade" delay="450" time="200">Visible</animation>
			<animation effect="slide" time="250" start="-537,0">WindowOpen</animation>
			<animation effect="slide" time="250" delay="250" end="-537,0">WindowClose</animation>
		</control>
		<control type="fadelabel" id="0">
			<description>path Label</description>
			<posx>25</posx>
			<posy>215</posy>
			<width>380</width>
			<align>left</align>
			<textcolor>TextcolorBlack</textcolor>
			<shadowcolor>shadow-grey</shadowcolor>
			<font>font12</font>
			<label>1021</label>
			<visible>![Window.IsActive(128) | [Window.IsActive(126) + !Window.IsActive(NetworkSettings)] | Window.IsActive(103)]</visible>
			<animation effect="fade" time="100">Hidden</animation>
			<animation effect="fade" delay="450" time="200">Visible</animation>
			<animation effect="fade" delay="450" time="200">WindowOpen</animation>
			<animation effect="fade" time="200">WindowClose</animation>
		</control>
		<control type="list" id="10">
			<posx>25</posx>
			<posy>240</posy>
			<width>380</width>
			<height>120</height>
			<onup>10</onup>
			<onleft>11</onleft>
			<onright>11</onright>
			<ondown>10</ondown>
			<viewtype label="544">list</viewtype>
			<scrolltime>200</scrolltime>
			<pagecontrol>60</pagecontrol>
			<visible>![Window.IsActive(128) | [Window.IsActive(126) + !Window.IsActive(NetworkSettings)] | Window.IsActive(103)]</visible>
			<animation effect="fade" time="100">Hidden</animation>
			<animation effect="fade" delay="450" time="200">Visible</animation>
			<animation effect="fade" delay="450" time="200">WindowOpen</animation>
			<animation effect="fade" time="200">WindowClose</animation>
			<itemlayout height="30">
				<control type="image">
					<posx>0</posx>
					<posy>1</posy>
					<width>380</width>
					<height>30</height>
					<texture>iconlist-nofocus.png</texture>
				</control>
				<control type="label">
					<posx>5</posx>
					<posy>4</posy>
					<width>370</width>
					<height>22</height>
					<font>font13</font>
					<align>left</align>
					<aligny>center</aligny>
					<textcolor>TextcolorBlack</textcolor>
					<selectedcolor>listselectedcolor</selectedcolor>
					<info>ListItem.Label</info>
				</control>
			</itemlayout>
			<focusedlayout height="30">
				<control type="image">
					<posx>0</posx>
					<posy>1</posy>
					<width>380</width>
					<height>30</height>
					<texture>iconlist-focus.png</texture>
				</control>
				<control type="label">
					<posx>5</posx>
					<posy>4</posy>
					<width>370</width>
					<height>22</height>
					<font>font13</font>
					<align>left</align>
					<aligny>center</aligny>
					<textcolor>TextcolorBlack</textcolor>
					<selectedcolor>listselectedcolor</selectedcolor>
					<info>ListItem.Label</info>
				</control>
			</focusedlayout>
		</control>
		<control type="label" id="0">
			<description>Name Label</description>
			<posx>25</posx>
			<posy>100</posy>
			<width>275</width>
			<textcolor>TextcolorBlack</textcolor>
			<shadowcolor>shadow-grey</shadowcolor>
			<font>font12</font>
			<label>1022</label>
			<visible>![Window.IsActive(128) | [Window.IsActive(126) + !Window.IsActive(NetworkSettings)] | Window.IsActive(103)]</visible>
			<animation effect="fade" time="100">Hidden</animation>
			<animation effect="fade" delay="450" time="200">Visible</animation>
			<animation effect="fade" delay="450" time="200">WindowOpen</animation>
			<animation effect="fade" time="200">WindowClose</animation>
		</control>
		<control type="button" id="12">
			<description>Name Button</description>
			<posx>25</posx>
			<posy>125</posy>
			<width>275</width>
			<height>32</height>
			<font>font12</font>
			<textoffsetx>12</textoffsetx>
			<textwidth>353</textwidth>
			<aligny>center</aligny>
			<texturefocus>iconlist-focus.png</texturefocus>
			<texturenofocus>iconlist-nofocus.png</texturenofocus>
			<label>-</label>
			<onup>12</onup>
			<onleft>12</onleft>
			<onright>11</onright>
			<ondown>10</ondown>
			<visible>![Window.IsActive(128) | [Window.IsActive(126) + !Window.IsActive(NetworkSettings)] | Window.IsActive(103)]</visible>
			<animation effect="fade" time="100">Hidden</animation>
			<animation effect="fade" delay="450" time="200">Visible</animation>
			<animation effect="fade" delay="450" time="200">WindowOpen</animation>
			<animation effect="fade" time="200">WindowClose</animation>
		</control>
		<control type="image">
			<description>Divider</description>
			<posx>310</posx>
			<posy>100</posy>
			<width>90</width>
			<height>1</height>
			<texture>divider.png</texture>
			<visible>![Window.IsActive(128) | [Window.IsActive(126) + !Window.IsActive(NetworkSettings)] | Window.IsActive(103)]</visible>
			<animation effect="fade" time="100">Hidden</animation>
			<animation effect="fade" delay="450" time="200">Visible</animation>
			<animation effect="fade" delay="450" time="200">WindowOpen</animation>
			<animation effect="fade" time="200">WindowClose</animation>
		</control>
		<control type="group">
			<control type="button" id="11">
				<description>Browse Button</description>
				<posx>305</posx>
				<posy>100</posy>
				<width>100</width>
				<height>32</height>
				<font>font13</font>
				<textoffsetx>12</textoffsetx>
				<label>1024</label>
				<align>center</align>
				<aligny>center</aligny>
				<texturenofocus>button-nofocus-context.png</texturenofocus>
				<texturefocus>button-focus-context.png</texturefocus>
				<onup>11</onup>
				<onleft>12</onleft>
				<onright>11</onright>
				<ondown>13</ondown>
				<visible>![Window.IsActive(128) | [Window.IsActive(126) + !Window.IsActive(NetworkSettings)] | Window.IsActive(103)]</visible>
				<animation effect="fade" time="100">Hidden</animation>
				<animation effect="fade" delay="450" time="200">Visible</animation>
				<animation effect="fade" delay="450" time="200">WindowOpen</animation>
				<animation effect="fade" time="200">WindowClose</animation>
			</control>
			<control type="button" id="13">
				<description>Add Path Button</description>
				<posx>305</posx>
				<posy>132</posy>
				<width>100</width>
				<height>32</height>
				<font>font13</font>
				<textoffsetx>12</textoffsetx>
				<label>15019</label>
				<align>center</align>
				<aligny>center</aligny>
				<texturenofocus>button-nofocus-context.png</texturenofocus>
				<texturefocus>button-focus-context.png</texturefocus>
				<onup>11</onup>
				<onleft>12</onleft>
				<onright>13</onright>
				<ondown>14</ondown>
				<visible>![Window.IsActive(128) | [Window.IsActive(126) + !Window.IsActive(NetworkSettings)] | Window.IsActive(103)]</visible>
				<animation effect="fade" time="100">Hidden</animation>
				<animation effect="fade" delay="450" time="200">Visible</animation>
				<animation effect="fade" delay="450" time="200">WindowOpen</animation>
				<animation effect="fade" time="200">WindowClose</animation>
			</control>
			<control type="button" id="14">
				<description>Remove Path Button</description>
				<posx>305</posx>
				<posy>164</posy>
				<width>100</width>
				<height>32</height>
				<font>font13</font>
				<textoffsetx>12</textoffsetx>
				<label>1210</label>
				<align>center</align>
				<aligny>center</aligny>
				<texturenofocus>button-nofocus-context.png</texturenofocus>
				<texturefocus>button-focus-context.png</texturefocus>
				<onup>13</onup>
				<onleft>12</onleft>
				<onright>14</onright>
				<ondown>18</ondown>
				<visible>![Window.IsActive(128) | [Window.IsActive(126) + !Window.IsActive(NetworkSettings)] | Window.IsActive(103)]</visible>
				<animation effect="fade" time="100">Hidden</animation>
				<animation effect="fade" delay="450" time="200">Visible</animation>
				<animation effect="fade" delay="450" time="200">WindowOpen</animation>
				<animation effect="fade" time="200">WindowClose</animation>
			</control>
		</control>
		<control type="image">
			<description>Divider</description>
			<posx>25</posx>
			<posy>373</posy>
			<width>300</width>
			<height>1</height>
			<texture>divider.png</texture>
			<visible>![Window.IsActive(128) | [Window.IsActive(126) + !Window.IsActive(NetworkSettings)] | Window.IsActive(103)]</visible>
			<animation effect="fade" time="100">Hidden</animation>
			<animation effect="fade" delay="450" time="200">Visible</animation>
			<animation effect="fade" delay="450" time="200">WindowOpen</animation>
			<animation effect="fade" time="200">WindowClose</animation>
		</control>
		<control type="image">
			<description>Divider</description>
			<posx>25</posx>
			<posy>410</posy>
			<width>300</width>
			<height>1</height>
			<texture>divider.png</texture>
			<visible>![Window.IsActive(128) | [Window.IsActive(126) + !Window.IsActive(NetworkSettings)] | Window.IsActive(103)]</visible>
			<animation effect="fade" time="100">Hidden</animation>
			<animation effect="fade" delay="450" time="200">Visible</animation>
			<animation effect="fade" delay="450" time="200">WindowOpen</animation>
			<animation effect="fade" time="200">WindowClose</animation>
		</control>
		<control type="image">
			<description>Divider</description>
			<posx>25</posx>
			<posy>447</posy>
			<width>300</width>
			<height>1</height>
			<texture>divider.png</texture>
			<visible>![Window.IsActive(128) | [Window.IsActive(126) + !Window.IsActive(NetworkSettings)] | Window.IsActive(103)]</visible>
			<animation effect="fade" time="100">Hidden</animation>
			<animation effect="fade" delay="450" time="200">Visible</animation>
			<animation effect="fade" delay="450" time="200">WindowOpen</animation>
			<animation effect="fade" time="200">WindowClose</animation>
		</control>
		<control type="button" id="18">
			<description>OK button</description>
			<posx>-5</posx>
			<posy>363</posy>
			<width>350</width>
			<height>59</height>
			<texturefocus>guide-button-focus.png</texturefocus>
			<texturenofocus>-</texturenofocus>
			<label>186</label>
			<font>font14</font>
			<onleft>18</onleft>
			<onright>18</onright>
			<onup>14</onup>
			<ondown>19</ondown>
			<textoffsetx>40</textoffsetx>
			<textcolor>TextcolorBlack</textcolor>
			<shadowcolor>shadow-grey</shadowcolor>
			<visible>![Window.IsActive(128) | [Window.IsActive(126) + !Window.IsActive(NetworkSettings)] | Window.IsActive(103)]</visible>
			<animation effect="fade" time="100">Hidden</animation>
			<animation effect="fade" delay="450" time="200">Visible</animation>
			<animation effect="fade" delay="450" time="200">WindowOpen</animation>
			<animation effect="fade" time="200">WindowClose</animation>
			<animation effect="zoom" start="95" end="100" center="175,393" time="300" reversible="false">focus</animation>
		</control>
		<control type="button" id="19">
			<description>Cancel button</description>
			<posx>-5</posx>
			<posy>400</posy>
			<width>350</width>
			<height>59</height>
			<texturefocus>guide-button-focus.png</texturefocus>
			<texturenofocus>-</texturenofocus>
			<font>font14</font>
			<label>222</label>
			<onleft>19</onleft>
			<onright>19</onright>
			<onup>18</onup>
			<ondown>19</ondown>
			<textoffsetx>40</textoffsetx>
			<textcolor>TextcolorBlack</textcolor>
			<shadowcolor>shadow-grey</shadowcolor>
			<visible>![Window.IsActive(128) | [Window.IsActive(126) + !Window.IsActive(NetworkSettings)] | Window.IsActive(103)]</visible>
			<animation effect="fade" time="100">Hidden</animation>
			<animation effect="fade" delay="450" time="200">Visible</animation>
			<animation effect="fade" delay="450" time="200">WindowOpen</animation>
			<animation effect="fade" time="200">WindowClose</animation>
			<animation effect="zoom" start="95" end="100" center="175,430" time="300" reversible="false">focus</animation>
		</control>
		<control type="image">
			<description>Back Button</description>
			<posx>380</posx>
			<posy>475</posy>
			<include>Button-Map-Texture-Width</include>
			<height>21</height>
			<texture>button-Back.png</texture>
			<visible>![Window.IsActive(128) | Window.IsActive(126) | Window.IsActive(103)]</visible>
			<animation effect="fade" time="100">Hidden</animation>
			<animation effect="fade" delay="450" time="200">Visible</animation>
			<animation effect="slide" time="250" start="-587,0">WindowOpen</animation>
			<animation effect="slide" time="250" delay="250" end="-587,0">WindowClose</animation>
		</control>
		<control type="image">
			<description>A Button</description>
			<posx>395</posx>
			<posy>498</posy>
			<include>Button-Map-Texture-Width</include>
			<height>21</height>
			<texture>button-A.png</texture>
			<visible>![Window.IsActive(128) | Window.IsActive(126) | Window.IsActive(103)]</visible>
			<animation effect="fade" time="100">Hidden</animation>
			<animation effect="fade" delay="450" time="200">Visible</animation>
			<animation effect="slide" time="250" start="-587,0">WindowOpen</animation>
			<animation effect="slide" time="250" delay="250" end="-587,0">WindowClose</animation>
		</control>
		<control type="image">
			<description>Y Button</description>
			<posx>60</posx>
			<posy>475</posy>
			<include>Button-Map-Texture-Width</include>
			<height>21</height>
			<texture>button-Y-turnedoff.png</texture>
			<visible>![Window.IsActive(128) | Window.IsActive(126) | Window.IsActive(103)]</visible>
			<animation effect="fade" time="100">Hidden</animation>
			<animation effect="fade" delay="450" time="200">Visible</animation>
			<animation effect="slide" time="250" start="-587,0">WindowOpen</animation>
			<animation effect="slide" time="250" delay="250" end="-587,0">WindowClose</animation>
		</control>
		<control type="image">
			<description>X Button</description>
			<posx>45</posx>
			<posy>498</posy>
			<include>Button-Map-Texture-Width</include>
			<height>21</height>
			<texture>button-X-turnedoff.png</texture>
			<visible>![Window.IsActive(128) | Window.IsActive(126) | Window.IsActive(103)]</visible>
			<animation effect="fade" time="100">Hidden</animation>
			<animation effect="fade" delay="450" time="200">Visible</animation>
			<animation effect="slide" time="250" start="-587,0">WindowOpen</animation>
			<animation effect="slide" time="250" delay="250" end="-587,0">WindowClose</animation>
		</control>
		<control type="label">
			<description>Back Label</description>
			<posx>374</posx>
			<posy>479</posy>
			<label>31027</label>
			<font>font12</font>
			<align>right</align>
			<visible>![Window.IsActive(128) | Window.IsActive(126) | Window.IsActive(103)]</visible>
			<animation effect="fade" time="100">Hidden</animation>
			<animation effect="fade" delay="450" time="200">Visible</animation>
			<animation effect="slide" time="250" start="-587,0">WindowOpen</animation>
			<animation effect="slide" time="250" delay="250" end="-587,0">WindowClose</animation>
		</control>
		<control type="label">
			<description>Select Label</description>
			<posx>386</posx>
			<posy>502</posy>
			<label>31024</label>
			<font>font12</font>
			<align>right</align>
			<visible>![Window.IsActive(128) | Window.IsActive(126) | Window.IsActive(103)]</visible>
			<animation effect="fade" time="100">Hidden</animation>
			<animation effect="fade" delay="450" time="200">Visible</animation>
			<animation effect="slide" time="250" start="-587,0">WindowOpen</animation>
			<animation effect="slide" time="250" delay="250" end="-587,0">WindowClose</animation>
		</control>
	</controls>
</window>