<window type="dialog" id="114">
	<defaultcontrol>6</defaultcontrol>
	<controls>
		<control type="image">
			<description>Black translucent backdrop</description>
			<posx>0</posx>
			<posy>0</posy>
			<width>720</width>
			<height>576</height>
			<texture>guide-black.png</texture>
			<colordiffuse>D0FFFFFF</colordiffuse>
			<animation effect="fade" time="50">WindowOpen</animation>
			<animation effect="fade" delay="450" time="100">WindowClose</animation>
		</control>
		<control type="image">
			<description>Guide Blade Background</description>
			<posx>0</posx>
			<posy>0</posy>
			<width>390</width>
			<height>576</height>
			<texture>background-grey.png</texture>
			<visible>!Skin.String(GuidePanel)</visible>
			<animation effect="slide" time="250" start="-512,0">WindowOpen</animation>
			<animation effect="slide" time="250" delay="250" end="-512,0">WindowClose</animation>
		</control>
		<control type="image">
			<description>Custom Guide Blade Background</description>
			<posx>-156</posx>
			<posy>0</posy>
			<width>548</width>
			<height>576</height>
			<texture>-</texture>
			<info>Skin.String(GuidePanel)</info>
			<aspectratio>scale</aspectratio>
			<animation effect="slide" time="250" start="-655,0">WindowOpen</animation>
			<animation effect="slide" time="250" delay="250" end="-655,0">WindowClose</animation>
		</control>
		<control type="image">
			<description>Guide Blade Overlay</description>
			<posx>0</posx>
			<posy>0</posy>
			<width>318</width>
			<height>576</height>
			<texture>guide-blade-overlay-tile.png</texture>
			<animation effect="slide" time="250" start="-512,0">WindowOpen</animation>
			<animation effect="slide" time="250" delay="250" end="-512,0">WindowClose</animation>
		</control>
		<control type="image">
			<description>Guide Edge Overlay</description>
			<posx>318</posx>
			<posy>0</posy>
			<width>100</width>
			<height>576</height>
			<texture>guide-blade-overlay-edge-left.png</texture>
			<animation effect="slide" time="250" start="-512,0">WindowOpen</animation>
			<animation effect="slide" time="250" delay="250" end="-512,0">WindowClose</animation>
		</control>
		<control type="label">
			<description>GamerTag Label</description>
			<posx>376</posx>
			<posy>200</posy>
			<angle>270</angle>
			<include>GamerName</include>
			<textcolor>TextcolorBlack</textcolor>
			<shadowcolor>shadow-grey</shadowcolor>
			<font>font14</font>
			<animation effect="slide" time="250" start="-512,0">WindowOpen</animation>
			<animation effect="slide" time="250" delay="250" end="-512,0">WindowClose</animation>
		</control>
		<control type="label">
			<description>Date label</description>
			<posx>40</posx>
			<posy>45</posy>
			<info>System.Date</info>
			<textcolor>TextcolorWhite</textcolor>
			<font>font13</font>
			<shadowcolor>shadow-black</shadowcolor>
			<animation effect="slide" time="250" start="-512,0">WindowOpen</animation>
			<animation effect="slide" time="250" delay="250" end="-512,0">WindowClose</animation>
		</control>
		<control type="label">
			<description>Time label</description>
			<posx>330</posx>
			<posy>45</posy>
			<width>100</width>
			<info>System.Time</info>
			<align>right</align>
			<textcolor>TextcolorWhite</textcolor>
			<font>font13</font>
			<shadowcolor>shadow-black</shadowcolor>
			<animation effect="slide" time="250" start="-512,0">WindowOpen</animation>
			<animation effect="slide" time="250" delay="250" end="-512,0">WindowClose</animation>
		</control>
		<control type="button" id="99">
			<description>Gamercard Panel</description>
			<posx>40</posx>
			<posy>80</posy>
			<width>305</width>
			<height>80</height>
			<texturefocus>guide-panel1-focus.png</texturefocus>
			<texturenofocus>guide-panel1.png</texturenofocus>
			<include>PlayerControlCommons</include>
			<onclick>ActivateWindow(1122)</onclick>
			<onleft>99</onleft>
			<onright>99</onright>
			<onup>14</onup>
			<ondown>6</ondown>
		</control>
		<control type="image">
			<description>Gamercard Pic default</description>
			<posx>60</posx>
			<posy>91</posy>
			<width>43</width>
			<height>54</height>
			<texture>gamercard_defaultgamerpic.png</texture>
			<include>PlayerControlCommons</include>
			<visible>!Skin.String(GamerIcon)</visible>
		</control>
		<control type="image">
			<description>Gamercard Pic</description>
			<posx>60</posx>
			<posy>92</posy>
			<width>43</width>
			<height>53</height>
			<include>GamerIcon</include>
			<include>PlayerControlCommons</include>
		</control>
		<control type="image">
			<description>Gamercard Pic Outline</description>
			<posx>50</posx>
			<posy>83</posy>
			<width>60</width>
			<height>74</height>
			<texture>gamercard_iconoutline.png</texture>
			<include>PlayerControlCommons</include>
		</control>
		<control type="image">
			<description>Gamercard Score Icon</description>
			<posx>110</posx>
			<posy>96</posy>
			<width>20</width>
			<height>20</height>
			<texture>icon-gamescore.png</texture>
			<align>right</align>
			<font>font12</font>
			<textcolor>TextcolorBlack</textcolor>
			<shadowcolor>shadow-grey</shadowcolor>
			<include>PlayerControlCommons</include>
		</control>
		<control type="label">
			<description>Gamercard Score Text</description>
			<posx>130</posx>
			<posy>98</posy>
			<label>amerscore:</label>
			<align>left</align>
			<font>font12</font>
			<shadowcolor>shadow-grey</shadowcolor>
			<textcolor>TextcolorBlack</textcolor>
			<shadowcolor>shadow-grey</shadowcolor>
			<include>PlayerControlCommons</include>
		</control>
		<control type="label">
			<description>Gamercard Score</description>
			<posx>320</posx>
			<posy>98</posy>
			<include>GamerScore</include>
			<align>right</align>
			<font>font12</font>
			<shadowcolor>shadow-grey</shadowcolor>
			<textcolor>TextcolorBlack</textcolor>
			<shadowcolor>shadow-grey</shadowcolor>
			<include>PlayerControlCommons</include>
		</control>
		<control type="label">
			<description>Gamercard Zone</description>
			<posx>115</posx>
			<posy>120</posy>
			<label>Zone:</label>
			<align>left</align>
			<font>font12</font>
			<shadowcolor>shadow-grey</shadowcolor>
			<textcolor>TextcolorBlack</textcolor>
			<shadowcolor>shadow-grey</shadowcolor>
			<include>PlayerControlCommons</include>
		</control>
		<control type="label">
			<description>Gamercard Info Zone</description>
			<posx>320</posx>
			<posy>120</posy>
			<width>250</width>
			<include>GamerZone</include>
			<align>right</align>
			<font>font12</font>
			<shadowcolor>shadow-grey</shadowcolor>
			<textcolor>TextcolorBlack</textcolor>
			<include>PlayerControlCommons</include>
		</control>
		<control type="image">
			<description>Community Panel</description>
			<posx>40</posx>
			<posy>158</posy>
			<width>305</width>
			<height>64</height>
			<texture>guide-panel1.png</texture>
			<include>PlayerControlCommons</include>
		</control>
		<control type="image">
			<description>Divider</description>
			<posx>45</posx>
			<posy>231</posy>
			<width>230</width>
			<height>1</height>
			<texture>divider.png</texture>
			<include>PlayerControlCommons</include>
		</control>
		<control type="image">
			<description>Favorites Button Image</description>
			<posx>22</posx>
			<posy>221</posy>
			<width>290</width>
			<height>59</height>
			<texture>guide-button-focus.png</texture>
			<visible>control.hasfocus(6)</visible>
			<animation effect="fade" start="30" time="275" reversible="false">visible</animation>
			<include>PlayerControlCommons</include>
		</control>
		<control type="button" id="6">
			<description>Favorites Button</description>
			<posx>22</posx>
			<posy>221</posy>
			<width>290</width>
			<height>59</height>
			<texturefocus>-</texturefocus>
			<texturenofocus>-</texturenofocus>
			<onclick>XBMC.ReplaceWindow(favourites)</onclick>
			<onclick>Dialog.Close(PlayerControls)</onclick>
			<pulseonselect>no</pulseonselect>
			<onleft>6</onleft>
			<onright>6</onright>
			<onup>99</onup>
			<ondown>7</ondown>
			<font>font14</font>
			<label>31050</label>
			<textoffsetx>35</textoffsetx>
			<textcolor>TextcolorBlack</textcolor>
			<animation effect="slide" end="-2,0" time="275" reversible="false">focus</animation>
			<shadowcolor>shadow-grey</shadowcolor>
			<include>PlayerControlCommons</include>
		</control>
		<control type="image">
			<description>Divider</description>
			<posx>45</posx>
			<posy>267</posy>
			<width>230</width>
			<height>1</height>
			<texture>divider.png</texture>
			<include>PlayerControlCommons</include>
		</control>
		<control type="image">
			<description>Personal Settings</description>
			<posx>22</posx>
			<posy>257</posy>
			<width>290</width>
			<height>59</height>
			<texture>guide-button-focus.png</texture>
			<visible>control.hasfocus(7)</visible>
			<animation effect="fade" start="30" time="275" reversible="false">visible</animation>
			<include>PlayerControlCommons</include>
		</control>
		<control type="button" id="7">
			<description>Personal Settings Label</description>
			<posx>22</posx>
			<posy>257</posy>
			<width>290</width>
			<height>59</height>
			<texturefocus>-</texturefocus>
			<texturenofocus>-</texturenofocus>
			<onclick>XBMC.ReplaceWindow(1116)</onclick>
			<pulseonselect>no</pulseonselect>
			<onleft>7</onleft>
			<onright>7</onright>
			<onup>6</onup>
			<ondown>9000</ondown>
			<font>font14</font>
			<label>31055</label>
			<textoffsetx>35</textoffsetx>
			<textcolor>TextcolorBlack</textcolor>
			<animation effect="slide" end="-2,0" time="275" reversible="false">focus</animation>
			<shadowcolor>shadow-grey</shadowcolor>
			<include>PlayerControlCommons</include>
		</control>
		<control type="image">
			<description>Divider</description>
			<posx>45</posx>
			<posy>303</posy>
			<width>230</width>
			<height>1</height>
			<texture>divider.png</texture>
			<include>PlayerControlCommons</include>
		</control>
		<control type="image">
			<description>Media Panel</description>
			<posx>40</posx>
			<posy>315</posy>
			<width>305</width>
			<height>80</height>
			<texture>guide-panel1.png</texture>
			<include>PlayerControlCommons</include>
		</control>
		<control type="group" id="9000">
			<control type="button" id="8">
				<description>Skip Back Button</description>
				<posx>56</posx>
				<posy>322</posy>
				<width>55</width>
				<height>32</height>
				<texturefocus>guide-media-button-small-focus.png</texturefocus>
				<texturenofocus>guide-media-button-small-nofocus.png</texturenofocus>
				<pulseonselect>no</pulseonselect>
				<onleft>13</onleft>
				<onright>9</onright>
				<onup>7</onup>
				<ondown>14</ondown>
				<onclick>XBMC.PlayerControl(Previous)</onclick>
				<include>PlayerControlCommons</include>
			</control>
			<control type="image">
				<description>Skip Back Button Icon</description>
				<posx>72</posx>
				<include>MediaIconCommons</include>
				<texture>mediacontrol-skipback.png</texture>
			</control>
			<control type="button" id="9">
				<description>Rewind Button</description>
				<posx>101</posx>
				<posy>322</posy>
				<width>55</width>
				<height>32</height>
				<texturefocus>guide-media-button-small-focus.png</texturefocus>
				<texturenofocus>guide-media-button-small-nofocus.png</texturenofocus>
				<pulseonselect>no</pulseonselect>
				<onleft>8</onleft>
				<onright>10</onright>
				<onup>7</onup>
				<ondown>14</ondown>
				<onclick>XBMC.PlayerControl(Rewind)</onclick>
				<include>PlayerControlCommons</include>
			</control>
			<control type="image">
				<description>Rewind Button Icon</description>
				<posx>117</posx>
				<include>MediaIconCommons</include>
				<texture>mediacontrol-rewind.png</texture>
			</control>
			<control type="button" id="10">
				<description>Stop Button</description>
				<posx>146</posx>
				<posy>322</posy>
				<width>55</width>
				<height>32</height>
				<texturefocus>guide-media-button-small-focus.png</texturefocus>
				<texturenofocus>guide-media-button-small-nofocus.png</texturenofocus>
				<pulseonselect>no</pulseonselect>
				<onleft>9</onleft>
				<onright>11</onright>
				<onup>7</onup>
				<ondown>14</ondown>
				<onclick>XBMC.PlayerControl(Stop)</onclick>
				<include>PlayerControlCommons</include>
			</control>
			<control  type="image">
				<description>Stop Button Icon</description>
				<posx>162</posx>
				<include>MediaIconCommons</include>
				<texture>mediacontrol-stop.png</texture>
			</control>
			<control type="button" id="11">
				<description>Pause/Play Button</description>
				<posx>191</posx>
				<posy>322</posy>
				<width>55</width>
				<height>32</height>
				<texturefocus>guide-media-button-small-focus.png</texturefocus>
				<texturenofocus>guide-media-button-small-nofocus.png</texturenofocus>
				<pulseonselect>no</pulseonselect>
				<onleft>10</onleft>
				<onright>12</onright>
				<onup>7</onup>
				<ondown>14</ondown>
				<onclick>XBMC.PlayerControl(Play)</onclick>
				<include>PlayerControlCommons</include>
			</control>
			<control type="image">
				<description>Pause Button Icon</description>
				<posx>207</posx>
				<include>MediaIconCommons</include>
				<texture>mediacontrol-pause.png</texture>
				<visible>Player.Playing</visible>
			</control>
			<control type="image">
				<description>Play Button Icon</description>
				<posx>207</posx>
				<include>MediaIconCommons</include>
				<visible>Player.Paused | Player.Forwarding | Player.Rewinding | !Player.HasMedia</visible>
				<texture>mediacontrol-play.png</texture>
			</control>
			<control type="button" id="12">
				<description>Fast Forward Button</description>
				<posx>236</posx>
				<posy>322</posy>
				<width>55</width>
				<height>32</height>
				<texturefocus>guide-media-button-small-focus.png</texturefocus>
				<texturenofocus>guide-media-button-small-nofocus.png</texturenofocus>
				<pulseonselect>no</pulseonselect>
				<onleft>11</onleft>
				<onright>13</onright>
				<onup>7</onup>
				<ondown>14</ondown>
				<onclick>XBMC.PlayerControl(Forward)</onclick>
				<include>PlayerControlCommons</include>
			</control>
			<control type="image">
				<description>Fast Forward Button Icon</description>
				<posx>252</posx>
				<include>MediaIconCommons</include>
				<texture>mediacontrol-fastforward.png</texture>
			</control>
			<control type="button" id="13">
				<description>Skip Forward Button</description>
				<posx>281</posx>
				<posy>322</posy>
				<width>55</width>
				<height>32</height>
				<texturefocus>guide-media-button-small-focus.png</texturefocus>
				<texturenofocus>guide-media-button-small-nofocus.png</texturenofocus>
				<pulseonselect>no</pulseonselect>
				<onleft>12</onleft>
				<onright>8</onright>
				<onup>7</onup>
				<ondown>14</ondown>
				<onclick>XBMC.PlayerControl(Next)</onclick>
				<include>PlayerControlCommons</include>
			</control>
			<control type="image">
				<description>Skip Forward Button Icon</description>
				<posx>297</posx>
				<include>MediaIconCommons</include>
				<texture>mediacontrol-skipforward.png</texture>
			</control>
		</control>
		<control type="button" id="14">
			<description>Select Music Button</description>
			<posx>54</posx>
			<posy>355</posy>
			<width>276</width>
			<height>31</height>
			<texturefocus>iconlist-focus.png</texturefocus>
			<texturenofocus>iconlist-nofocus.png</texturenofocus>
			<pulseonselect>no</pulseonselect>
			<onleft>14</onleft>
			<onright>14</onright>
			<onup>9000</onup>
			<ondown>99</ondown>
			<onclick>XBMC.ActivateWindow(Home)</onclick>
			<onclick>XBMC.ActivateWindow(MyMusic)</onclick>
			<onclick>Dialog.Close(PlayerControls)</onclick>
			<include>PlayerControlCommons</include>
		</control>
		<control type="label">
			<description>Select Music label</description>
			<posx>66</posx>
			<posy>360</posy>
			<label>31056</label>
			<textcolor>TextcolorBlack</textcolor>
			<font>font12</font>
			<shadowcolor>shadow-grey</shadowcolor>
			<include>PlayerControlCommons</include>
			<visible>!Player.HasAudio</visible>
		</control>
		<control type="fadelabel">
			<description>Artist/Song label</description>
			<posx>66</posx>
			<posy>360</posy>
			<width>256</width>
			<label>$INFO[MusicPlayer.Artist] - $INFO[MusicPlayer.Title]</label>
			<textcolor>TextcolorBlack</textcolor>
			<font>font12</font>
			<shadowcolor>shadow-grey</shadowcolor>
			<include>PlayerControlCommons</include>
			<visible>Player.HasAudio</visible>
		</control>
		<control type="image">
			<description>MC360 Ad</description>
			<posx>42</posx>
			<posy>393</posy>
			<width>305</width>
			<height>73</height>
			<texture>guide-panel-mc360ad.png</texture>
			<include>PlayerControlCommons</include>
		</control>
		<control type="image">
			<description>Back Button</description>
			<posx>315</posx>
			<posy>475</posy>
			<include>Button-Map-Texture-Width</include>
			<height>21</height>
			<texture>button-Back.png</texture>
			<animation effect="slide" time="250" start="-512,0">WindowOpen</animation>
			<animation effect="slide" time="250" delay="250" end="-512,0">WindowClose</animation>
		</control>
		<control type="image">
			<description>A Button</description>
			<posx>330</posx>
			<posy>498</posy>
			<include>Button-Map-Texture-Width</include>
			<height>21</height>
			<texture>button-A.png</texture>
			<animation effect="slide" time="250" start="-512,0">WindowOpen</animation>
			<animation effect="slide" time="250" delay="250" end="-512,0">WindowClose</animation>
		</control>
		<control type="image">
			<description>Y Button</description>
			<posx>45</posx>
			<posy>475</posy>
			<include>Button-Map-Texture-Width</include>
			<height>21</height>
			<texture>button-Y-turnedoff.png</texture>
			<animation effect="slide" time="250" start="-512,0">WindowOpen</animation>
			<animation effect="slide" time="250" delay="250" end="-512,0">WindowClose</animation>
		</control>
		<control type="image">
			<description>X Button</description>
			<posx>30</posx>
			<posy>498</posy>
			<include>Button-Map-Texture-Width</include>
			<height>21</height>
			<texture>button-X-turnedoff.png</texture>
			<animation effect="slide" time="250" start="-512,0">WindowOpen</animation>
			<animation effect="slide" time="250" delay="250" end="-512,0">WindowClose</animation>
		</control>
		<control type="label">
			<description>Back Label</description>
			<posx>309</posx>
			<posy>479</posy>
			<label>31027</label>
			<align>right</align>
			<font>font12</font>
			<shadowcolor>shadow-black</shadowcolor>
			<animation effect="slide" time="250" start="-512,0">WindowOpen</animation>
			<animation effect="slide" time="250" delay="250" end="-512,0">WindowClose</animation>
		</control>
		<control type="label">
			<description>Select Label</description>
			<posx>321</posx>
			<posy>502</posy>
			<label>31024</label>
			<align>right</align>
			<font>font12</font>
			<shadowcolor>shadow-black</shadowcolor>
			<animation effect="slide" time="250" start="-512,0">WindowOpen</animation>
			<animation effect="slide" time="250" delay="250" end="-512,0">WindowClose</animation>
		</control>
	</controls>
</window>