<window id="130">
	<defaultcontrol>1</defaultcontrol>
	<coordinates>
		<system>1</system>
		<posx>0</posx>
		<posy>0</posy>
	</coordinates>
	<animation effect="fade" time="200">WindowOpen</animation>
	<animation effect="fade" delay="1050" time="50">WindowClose</animation>
	<controls>
		<control type="image">
			<posx>0</posx>
			<posy>0</posy>
			<width>720</width>
			<height>576</height>
			<texture>guide-black.png</texture>
			<colordiffuse>DDFFFFFF</colordiffuse>
			<animation effect="fade" time="50">WindowOpen</animation>
			<animation effect="fade" delay="500" time="150">WindowClose</animation>
		</control>
		<control type="group">
			<animation effect="slide" time="300" start="-655,0">WindowOpen</animation>
			<animation effect="slide" delay="200" time="300" end="-655,0">WindowClose</animation>
			<control type="image">
				<description>Guide Blade Background</description>
				<posx>-27</posx>
				<posy>0</posy>
				<width>548</width>
				<height>576</height>
				<visible>!Skin.String(GuidePanel)</visible>
				<texture>background-grey.png</texture>
			</control>
			<control type="image">
				<description>Custom Guide Blade Background</description>
				<posx>-27</posx>
				<posy>0</posy>
				<width>548</width>
				<height>576</height>
				<texture>-</texture>
				<info>Skin.String(GuidePanel)</info>
				<aspectratio>scale</aspectratio>
			</control>
			<control type="image">
				<description>Guide Blade Overlay</description>
				<posx>0</posx>
				<posy>0</posy>
				<width>450</width>
				<height>576</height>
				<texture>guide-blade-overlay-tile.png</texture>
			</control>
			<control type="image">
				<description>Guide Edge Overlay</description>
				<posx>450</posx>
				<posy>0</posy>
				<width>100</width>
				<height>576</height>
				<texture>guide-blade-overlay-edge-left.png</texture>
			</control>
			<control type="label">
				<description>Date label</description>
				<posx>40</posx>
				<posy>45</posy>
				<label>date</label>
				<info>System.Date</info>
				<textcolor>TextcolorWhite</textcolor>
				<font>font13</font>
				<shadowcolor>shadow-black</shadowcolor>
			</control>
			<control type="label">
				<description>Time label</description>
				<posx>465</posx>
				<posy>45</posy>
				<width>100</width>
				<label>time</label>
				<info>System.Time</info>
				<align>right</align>
				<textcolor>TextcolorWhite</textcolor>
				<font>font13</font>
				<shadowcolor>shadow-black</shadowcolor>
			</control>
			<control type="image">
				<description>Back Button</description>
				<posx>430</posx>
				<posy>475</posy>
				<include>Button-Map-Texture-Width</include>
				<height>21</height>
				<texture>button-B.png</texture>
			</control>
			<control type="image">
				<description>start Button</description>
				<posx>445</posx>
				<posy>498</posy>
				<include>Button-Map-Texture-Width</include>
				<height>21</height>
				<texture>button-start.png</texture>
			</control>
			<control type="image">
				<description>Y Button</description>
				<posx>60</posx>
				<posy>475</posy>
				<include>Button-Map-Texture-Width</include>
				<height>21</height>
				<texture>button-Y-turnedoff.png</texture>
			</control>
			<control type="image">
				<description>X Button</description>
				<posx>45</posx>
				<posy>498</posy>
				<include>Button-Map-Texture-Width</include>
				<height>21</height>
				<texture>button-X-turnedoff.png</texture>
			</control>
			<control type="label">
				<description>Back Label</description>
				<posx>424</posx>
				<posy>479</posy>
				<label>31027</label>
				<align>right</align>
				<font>font12</font>
			</control>
			<control type="label">
				<description>Select Label</description>
				<posx>436</posx>
				<posy>502</posy>
				<label>14070</label>
				<align>right</align>
				<font>font12</font>
			</control>
		</control>
		<!-- End Background -->
		<control type="group">
			<animation effect="fade" delay="450" time="200">WindowOpen</animation>
			<animation effect="fade" time="200">WindowClose</animation>
			<control type="image">
				<description>profile image ovelay</description>
				<posx>60</posx>
				<posy>90</posy>
				<width>103</width>
				<height>128</height>
				<align>left</align>
				<font>font13</font>
				<texture>profile_iconoutline.png</texture>
			</control>
			<control type="image" id="2">
				<description>profile image</description>
				<posx>79</posx>
				<posy>108</posy>
				<width>70</width>
				<height>88</height>
				<align>left</align>
				<font>font13</font>
				<texture>-</texture>
			</control>
			<control type="label" id="1000">
				<description>profile name label</description>
				<posx>170</posx>
				<posy>110</posy>
				<width>160</width>
				<label>-</label>
				<align>left</align>
				<textcolor>TextcolorBlack</textcolor>
				<shadowcolor>shadow-grey</shadowcolor>
				<font>font20</font>
			</control>
			<control type="label" id="0">
				<description>profile directory label</description>
				<posx>170</posx>
				<posy>155</posy>
				<width>305</width>
				<align>left</align>
				<font>font13</font>
				<textcolor>TextcolorGrey</textcolor>
				<shadowcolor>shadow-grey</shadowcolor>
				<label>$LOCALIZE[ 20070 ]</label>
			</control>
			<control type="label" id="1001">
				<description>profile directory label</description>
				<posx>170</posx>
				<posy>180</posy>
				<width>160</width>
				<align>left</align>
				<font>font13</font>
				<textcolor>TextcolorBlack</textcolor>
				<shadowcolor>shadow-grey</shadowcolor>
			</control>
			<control type="spincontrol" id="60">
				<description>Next page button</description>
				<posx>395</posx>
				<posy>450</posy>
				<subtype>page</subtype>
				<showonepage>false</showonepage>
				<textcolor>TextcolorBlack</textcolor>
				<shadowcolor>shadow-grey</shadowcolor>
				<font>font12</font>
				<onleft>60</onleft>
				<onright>60</onright>
				<ondown>2</ondown>
			</control>
			<control type="grouplist" id="5">
				<description>control area</description>
				<posx>35</posx>
				<posy>225</posy>
				<width>440</width>
				<height>300</height>
				<itemgap>2</itemgap>
				<pagecontrol>60</pagecontrol>
				<onleft>60</onleft>
				<onright>5</onright>
				<onup>29</onup>
				<ondown>28</ondown>
			</control>
			<control type="button" id="28">
				<description>OK button</description>
				<posx>340</posx>
				<posy>127</posy>
				<width>90</width>
				<height>50</height>
				<align>center</align>
				<aligny>-</aligny>
				<textoffsety>8</textoffsety>
				<label>186</label>
				<onleft>450</onleft>
				<onright>450</onright>
				<onup>5</onup>
				<ondown>29</ondown>
				<texturefocus>guide-media-button-focus.png</texturefocus>
				<texturenofocus>guide-media-button-nofocus.png</texturenofocus>
			</control>
			<control type="button" id="29">
				<description>Cancel button</description>
				<posx>340</posx>
				<posy>165</posy>
				<width>90</width>
				<height>50</height>
				<align>center</align>
				<aligny>-</aligny>
				<textoffsety>8</textoffsety>
				<label>222</label>
				<onleft>450</onleft>
				<onright>450</onright>
				<onup>28</onup>
				<ondown>5</ondown>
				<texturefocus>guide-media-button-focus.png</texturefocus>
				<texturenofocus>guide-media-button-nofocus.png</texturenofocus>
			</control>
		</control>
		<control type="button" id="7">
			<description>Default Button</description>
			<posx>560</posx>
			<posy>120</posy>
			<font>font13</font>
			<shadowcolor>shadow-grey</shadowcolor>
			<textoffsetx>7</textoffsetx>
			<texturefocus>iconlist-focus.png</texturefocus>
			<texturenofocus>-</texturenofocus>
		</control>
		<control type="radiobutton" id="8">
			<description>Default RadioButton</description>
			<posx>560</posx>
			<posy>120</posy>
			<font>font13</font>
			<shadowcolor>shadow-grey</shadowcolor>
			<texturefocus>iconlist-focus.png</texturefocus>
			<texturenofocus>-</texturenofocus>
			<textoffsetx>7</textoffsetx>
			<textureradiofocus>check-box.png</textureradiofocus>
			<textureradionofocus>check-boxNF.png</textureradionofocus>
		</control>
		<control type="spincontrolex" id="9">
			<description>Default SpinControlex</description>
			<posx>560</posx>
			<posy>120</posy>
			<width>300</width>
			<texturefocus>iconlist-focus.png</texturefocus>
			<texturenofocus>-</texturenofocus>
			<textureup>sortup-nofocus.png</textureup>
			<texturedown>sortdown-nofocus.png</texturedown>
			<textureupfocus>sortup-focus.png</textureupfocus>
			<texturedownfocus>sortdown-focus.png</texturedownfocus>
			<shadowcolor>shadow-grey</shadowcolor>
			<font>font13</font>
			<textcolor>TextcolorBlack</textcolor>
			<disabledcolor>TextcolorDisabled1</disabledcolor>
			<textoffsetx>7</textoffsetx>
			<aligny>center</aligny>
			<reverse>yes</reverse>
		</control>
		<control type="image" id="11">
			<description>separator image</description>
			<width>350</width>
			<height>1</height>
			<texture>divider.png</texture>
		</control>
		<control type="sliderex" id="10">
			<description>Default Slider</description>
			<posx>530</posx>
			<posy>198</posy>
			<height>31</height>
			<width>300</width>
			<texturefocus>iconlist-focus.png</texturefocus>
			<texturenofocus>-</texturenofocus>
			<sliderwidth>100</sliderwidth>
			<sliderheight>10</sliderheight>
			<texturesliderbar>progress_back.png</texturesliderbar>
			<textureslidernib>slider_nibNF.png</textureslidernib>
			<textureslidernibfocus>slider_nibFO.png</textureslidernibfocus>
			<textcolor>TextcolorBlack</textcolor>
			<shadowcolor>shadow-grey</shadowcolor>
			<font>font12</font>
			<disabledcolor>TextcolorDisabled2</disabledcolor>
			<textoffsetx>12</textoffsetx>
		</control>
	</controls>
</window>